job_title,employer_name,employer_logo,employer_website,employer_company_type,job_publisher,job_employment_type,job_apply_link,job_description,job_is_remote,job_city,job_state,job_latitude,job_longitude,job_benefits,job_required_experience,job_required_skills,job_required_education,job_experience_in_place_of_education,job_highlights,job_location,info,no_experience_required,required_experience_in_months,experience_mentioned,experience_preferred,required_experience,citizenship
Principal Data Scientist,Capital One,https://www.capitalone.com/assets/shell/apple-touch-icon.png,http://www.capitalone.com,Finance,Aspire Hire Zone,FULLTIME,https://aspirehirezone.com/viewcareers/g6saynhj585c-c9eeb-81b7487267cb-77ef974758af7d1,"Center 2 (19050), United States of America, McLean, Virginia
Principal Data Scientist, Consumer Identity Machine Learning

Data is at the center of everything we do. As a startup, we disrupted the credit card industry by individually personalizing every credit card offer using statistical modeling and the relational database, cutting edge technology in 1988! Fast-forward a few years, and this little innovation and our passion for data has skyrocketed us to a Fortune 200 company and a leader in the world of data-driven decision-making.

As a Data Scientist at Capital One, you’ll be part of a team that’s leading the next wave of disruption at a whole new scale, using the latest in computing and machine learning technologies and operating across billions of customer records to unlock the big opportunities that help everyday people save money, time and agony in their financial lives.

Team Description

Consumer Identity ML is the data science and machine learning team inside Capital One’s AI foundation organization. We deliver real-time, personalized, intelligent customer experiences in Capital One’s suite of award-winning digital products, including our website, mobile app, emails, chatbot, and beyond. We partner closely with our product and engineering teams to build the data and modeling platforms crucial to the deep understanding of customers that enables our applications to delight them by adapting to their needs.

As part of Consumer ML, you will:
• Explore billions of clickstream events to discover the patterns in customer behavior, and use those patterns to model key customer outcomes
• Develop the real-time models that use vast amounts of customer data to anticipate customers’ needs and deliver the right options at the right time
• Develop the models that ensure our most important customer data is accurate, fighting fraud and other bad behavior, while enabling seamless digital experiences across all our products

Role Description

In Consumer Identity ML, you will work at all phases of the data science life cycle, including:
• Build machine learning models through all phases of development, from design through training, evaluation and validation, and partner with engineering teams to improve operationalization in scalable and resilient production systems that serve 50+ million customers.
• Partner closely with a variety of business and product teams across Capital One to conduct the experiments that guide improvements to customer experiences and business outcomes in domains like marketing, servicing and fraud prevention.
• Write software (Python, e.g.) to collect, explore, visualize and analyze numerical and textual data (billions of customer transactions, clicks, payments, etc.) using tools like Spark.

The Ideal Candidate is
• Innovative. You continually research and evaluate emerging technologies. You stay current on published state-of-the-art methods, technologies, and applications and seek out opportunities to apply them.
• Creative. You thrive on bringing definition to big, undefined problems. You love asking questions and pushing hard to find answers. You’re not afraid to share a new idea.
• Technical. You’re comfortable with open-source languages and are passionate about developing further. You have hands-on experience developing data science solutions using open-source tools and cloud computing platforms.
• Statistically-minded. You’ve built models, validated them, and back tested them. You know how to interpret a confusion matrix or a ROC curve. You have experience with clustering, classification, sentiment analysis, time series, and deep learning.
• A data guru. ""Big data"" doesn't faze you. You have the skills to retrieve, combine, and analyze data from a variety of sources and structures. You know understanding the data is often the key to great data science.

Basic Qualifications
• Currently has, or is in the process of obtaining a Bachelor’s Degree plus 5 years of experience in data analytics, or currently has, or is in the process of obtaining a Master’s Degree plus 3 years in data analytics, or currently has, or is in the process of obtaining PhD, with an expectation that required degree will be obtained on or before the scheduled start date
• At least 1 year of experience in open source programming languages for large scale data analysis
• At least 1 year of experience with machine learning
• At least 1 year of experience with relational databases

Preferred Qualifications
• Master’s Degree in “STEM” field (Science, Technology, Engineering, or Mathematics) plus 3 years of experience in Deep Learning, or PhD in “STEM” field (Science, Technology, Engineering, or Mathematics)
• Specialized experience in the fields of Information Retrieval, NLP, Data-centric AI, and Knowledge Graphs
• Track record of driving innovation, publishing and communicating your work in industry
• At least 3 years’ experience in PyTorch/Tensorflow
• At least 3 years’ experience with machine learning
• At least 1 year of experience working with AWS

Capital One will consider sponsoring a new qualified applicant for employment authorization for this position.

The minimum and maximum full-time annual salaries for this role are listed below, by location. Please note that this salary information is solely for candidates hired to perform work within one of these locations, and refers to the amount Capital One is willing to pay at the time of this posting. Salaries for part-time roles will be prorated based upon the agreed upon number of hours to be regularly worked.

New York City (Hybrid On-Site): $165,100 - $188,500 for Data Science PhD

San Francisco, California (Hybrid On-site): $174,900 - $199,700 for Data Science PhD

Candidates hired to work in other locations will be subject to the pay range associated with that location, and the actual annualized salary amount offered to any candidate at the time of hire will be reflected solely in the candidate’s offer letter.

This role is also eligible to earn performance based incentive compensation, which may include cash bonus(es) and/or long term incentives (LTI). Incentives could be discretionary or non discretionary depending on the plan.

Capital One offers a comprehensive, competitive, and inclusive set of health, financial and other benefits that support your total well-being. Learn more at the Capital One Careers website. Eligibility varies based on full or part-time status, exempt or non-exempt status, and management level.
This role is expected to accept applications for a minimum of 5 business days. No agencies please. Capital One is an equal opportunity employer committed to diversity and inclusion in the workplace. All qualified applicants will receive consideration for employment without regard to sex (including pregnancy, childbirth or related medical conditions), race, color, age, national origin, religion, disability, genetic information, marital status, sexual orientation, gender identity, gender reassignment, citizenship, immigration status, protected veteran status, or any other basis prohibited under applicable federal, state or local law. Capital One promotes a drug-free workplace. Capital One will consider for employment qualified applicants with a criminal history in a manner consistent with the requirements of applicable laws regarding criminal background inquiries, including, to the extent applicable, Article 23-A of the New York Correction Law; San Francisco, California Police Code Article 49, Sections 4901-4920; New York City’s Fair Chance Act; Philadelphia’s Fair Criminal Records Screening Act; and other applicable federal, state, and local laws and regulations regarding criminal background inquiries.

If you have visited our website in search of information on employment opportunities or to apply for a position, and you require an accommodation, please contact Capital One Recruiting at 1-800-304-9102 or via email at RecruitingAccommodation@capitalone.com. All information you provide will be kept confidential and will be used only to the extent required to provide needed reasonable accommodations.

For technical support or questions about Capital One's recruiting process, please send an email to Careers@capitalone.com

Capital One does not provide, endorse nor guarantee and is not liable for third-party products, services, educational tools or other information available through this site.

Capital One Financial is made up of several different entities. Please note that any position posted in Canada is for Capital One Canada, any position posted in the United Kingdom is for Capital One Europe and any position posted in the Philippines is for Capital One Philippines Service Corp. (COPSSC).",False,Pinole,CA,38.004368,-122.29886,['health_insurance'],"{'no_experience_required': False, 'required_experience_in_months': 60, 'experience_mentioned': True, 'experience_preferred': False}",,"{'postgraduate_degree': False, 'professional_certification': False, 'high_school': False, 'associates_degree': False, 'bachelors_degree': False, 'degree_mentioned': True, 'degree_preferred': False, 'professional_certification_mentioned': False}",False,"{'Qualifications': ['You thrive on bringing definition to big, undefined problems', 'You love asking questions and pushing hard to find answers', 'You’re comfortable with open-source languages and are passionate about developing further', 'You have hands-on experience developing data science solutions using open-source tools and cloud computing platforms', 'Statistically-minded', 'You’ve built models, validated them, and back tested them', 'You know how to interpret a confusion matrix or a ROC curve', 'You have experience with clustering, classification, sentiment analysis, time series, and deep learning', 'A data guru', 'You have the skills to retrieve, combine, and analyze data from a variety of sources and structures', 'You know understanding the data is often the key to great data science', 'Currently has, or is in the process of obtaining a Bachelor’s Degree plus 5 years of experience in data analytics, or currently has, or is in the process of obtaining a Master’s Degree plus 3 years in data analytics, or currently has, or is in the process of obtaining PhD, with an expectation that required degree will be obtained on or before the scheduled start date', 'At least 1 year of experience in open source programming languages for large scale data analysis', 'At least 1 year of experience with machine learning', 'At least 1 year of experience with relational databases'], 'Responsibilities': ['Explore billions of clickstream events to discover the patterns in customer behavior, and use those patterns to model key customer outcomes', 'Develop the real-time models that use vast amounts of customer data to anticipate customers’ needs and deliver the right options at the right time', 'Develop the models that ensure our most important customer data is accurate, fighting fraud and other bad behavior, while enabling seamless digital experiences across all our products', 'In Consumer Identity ML, you will work at all phases of the data science life cycle, including:', 'Build machine learning models through all phases of development, from design through training, evaluation and validation, and partner with engineering teams to improve operationalization in scalable and resilient production systems that serve 50+ million customers', 'Partner closely with a variety of business and product teams across Capital One to conduct the experiments that guide improvements to customer experiences and business outcomes in domains like marketing, servicing and fraud prevention', 'Write software (Python, e.g.)', 'to collect, explore, visualize and analyze numerical and textual data (billions of customer transactions, clicks, payments, etc.) using tools like Spark'], 'Benefits': ['Salaries for part-time roles will be prorated based upon the agreed upon number of hours to be regularly worked', 'Candidates hired to work in other locations will be subject to the pay range associated with that location, and the actual annualized salary amount offered to any candidate at the time of hire will be reflected solely in the candidate’s offer letter', 'This role is also eligible to earn performance based incentive compensation, which may include cash bonus(es) and/or long term incentives (LTI)', 'Incentives could be discretionary or non discretionary depending on the plan', 'Capital One offers a comprehensive, competitive, and inclusive set of health, financial and other benefits that support your total well-being']}","Pinole, CA","Principal Data Scientist|Pinole, CA|Capital One",False,60.0,True,False,5.0,False
Data Scientist,Undisclosed,,,,Advancing Women Careers,FULLTIME,https://careers.advancingwomen.com/job/data-scientist/74053592/?utm_source=,"DATA SCIENTIST Janssen Research & Development, LLC seeks Scientist, Data Sci in San Diego, CA. Conceive, dvlp & implemnt AI sol'ns to hi-priority scientific probs across multiple disease areas as part of R&D Data Sci Analytics & Insights team. $135k-$158k. Send resume to jkim6240@its.jnj.com & refer to #A011.4777.",False,San Diego,CA,32.715736,-117.16109,,"{'no_experience_required': False, 'required_experience_in_months': None, 'experience_mentioned': False, 'experience_preferred': False}",,"{'postgraduate_degree': False, 'professional_certification': False, 'high_school': False, 'associates_degree': False, 'bachelors_degree': False, 'degree_mentioned': False, 'degree_preferred': False, 'professional_certification_mentioned': False}",False,{},"San Diego, CA","Data Scientist|San Diego, CA|Undisclosed",False,,False,False,0.0,True
"(USA) Distinguished, Data Scientist",Walmart,https://animationvisarts.com/wp-content/uploads/2020/08/Walmart-logo-2008-Now.jpg,https://www.walmart.com,Retail,Prime Job Link,FULLTIME,https://primejoblink.com/jobslistings/pc61m65ai6nt-5923aa-18a8334cf3277c4900-3bbca298,"Position Summary...What you'll do...Walmart Data Ventures operates with the agility of a nimble startup, dedicated to creating the best-in-class suite of Data Products. Walmart Luminate is the first product, which has been created to deliver actionable, customer-centric insights, empowering CPGs and Walmart merchants make data-driven decisions in a smarter, faster, and collaborative manner.We are seeking a highly accomplished and forward-thinking Distinguished Data Scientist to join our dynamic team. As a Distinguished Data Scientist, you will lead the development of cutting-edge business capabilities powered by AI/ML and advanced analytics within our Data Science and Analysis group. In this strategic role, you will leverage your deep domain knowledge in retail data analytics, spanning critical areas such as inventory management, supply chain analysis, assortment management, in-store operations, digital operations (including personalization and search), and customer data analytics. Additionally, you will apply your profound technical expertise in statistics, machine learning, and modern artificial intelligence techniques to drive innovation and shape the future of our data-driven solutions.What you will do?Spearhead the creation of new business capabilities that leverage AI/ML and advanced analytics to augment the value proposition of Luminate, and to aid Luminate users discover meaningful and actionable insights from data.enhance the usability and experience of retail operations, optimize supply chain, and improve customer experience.Utilize deep domain knowledge to identify opportunities for data-driven solutions across inventory management, assortment planning, in-store operations, and personalization.Design the architecture of AI/ML systems, which efficiently ingest, transform, and analyze large datasets to extract actionable insights for our users. And also, ensure the scalability, robustness and reliability of these systems.Establish and maintain the product capability map, and drive the creation of capabilities powered by data science and advanced analytics.Provide hands-on technical guidance and mentorship to other data scientists and data analysts, fostering a culture of learning and innovation.Collaborate closely with cross-functional teams, including Product Management, Design, business stakeholders, and external stakeholders.Do proof-of-concepts and provide strategic & technical recommendations in various products areas.Stay at the forefront of technological advancements, conducting research to identify emerging tools and methodologies.Communicate complex technical concepts effectively to both technical and non-technical stakeholders on specific product areas.Collaborate with product and business leaders throughout the company to ensure that technology initiatives align with business needs.Document architectural decisions, design patterns, and best practices to facilitate knowledge sharing across the broader organization.What you will bring?Ph.D. or Masters in Data Science, Computer Science, or a related field with extensive experience in the applications of Data Science.10+ years of relevant experience in developing retail analytic capabilities.Extensive domain knowledge in retail data analytics, including inventory management, supply chain analysis, assortment management, in-store operations, digital operations, and customer data analytics.Profound technical expertise in statistics, machine learning, and advanced AI techniques, including Generative AIProven track record of architecting and implementing data-driven solutions that deliver tangible business value.Strong communication skills to effectively translate technical concepts to non-technical stakeholders.Leadership experience and the ability to mentor and inspire a team of data scientists and analysts.A demonstrated passion for staying at the forefront of data science and AI advancements.About Walmart Global TechImagine working in an environment where one line of code can make life easier for hundreds of millions of people. That's what we do at Walmart Global Tech. We're a team of software engineers, data scientists, cybersecurity expert's and service professionals within the world's leading retailer who make an epic impact and are at the forefront of the next retail disruption. People are why we innovate, and people power our innovations. We are people-led and tech-empowered. We train our team in the skillsets of the future and bring in experts like you to help us grow. We have roles for those chasing their first opportunity as well as those looking for the opportunity that will define their career. Here, you can kickstart a great career in tech, gain new skills and experience for virtually every industry, or leverage your expertise to innovate at scale, impact millions and reimagine the future of retail.Flexible, hybrid work:We use a hybrid way of working that is primarily in office coupled with virtual when not onsite. Our campuses serve as a hub to enhance collaboration, bring us together for purpose and deliver on business needs. This approach helps us make quicker decisions, remove location barriers across our global team and be more flexible in our personal lives.Benefits:Benefits: Beyond our great compensation package, you can receive incentive awards for your performance. Other great perks include 401(k) match, stock purchase plan, paid maternity and parental leave, PTO, multiple health plans, and much more.Equal Opportunity Employer:Walmart, Inc. is an Equal Opportunity Employer - By Choice. We believe we are best equipped to help our associates, customers and the communities we serve live better when we really know them. That means understanding, respecting and valuing diversity- unique styles, experiences, identities, ideas and opinions - while being inclusive of all people.The above information has been designed to indicate the general nature and level of work performed in the role. It is not designed to contain or be interpreted as a comprehensive inventory of all responsibilities and qualifications required of employees assigned to this job. The full Job Description can be made available as part of the hiring process.At Walmart, we offer competitive pay as well as performance-based bonus awards and other great benefits for a happier mind, body, and wallet. Health benefits include medical, vision and dental coverage. Financial benefits include 401(k), stock purchase and company-paid life insurance. Paid time off benefits include PTO (including sick leave), parental leave, family care leave, bereavement, jury duty, and voting. Other benefits include short-term and long-term disability, company discounts, Military Leave Pay, adoption and surrogacy expense reimbursement, and more.‎‎‎You will also receive PTO and/or PPTO that can be used for vacation, sick leave, holidays, or other purposes. The amount you receive depends on your job classification and length of employment. It will meet or exceed the requirements of paid sick leave laws, where applicable.‎For information about PTO, see https://one.walmart.com/notices .‎‎Live Better U is a Walmart-paid education benefit program for full-time and part-time associates in Walmart and Sam's Club facilities. Programs range from high school completion to bachelor's degrees, including English Language Learning and short-form certificates. Tuition, books, and fees are completely paid for by Walmart.‎Eligibility requirements apply to some benefits and may depend on your job classification and length of employment. Benefits are subject to change and may be subject to a specific plan or program terms.‎For information about benefits and eligibility, see One.Walmart .‎The annual salary range for this position is $169,000.00-$338,000.00‎Additional compensation includes annual or quarterly performance bonuses.‎Additional compensation for certain positions may also include:‎‎Stock‎‎Minimum Qualifications...Outlined below are the required minimum qualifications for this position. If none are listed, there are no minimum qualifications.Option 1: Bachelor's degree in Statistics, Economics, Analytics, Mathematics, Computer Science, Information Technology or related field and 6 years' experience in an analytics related field. Option 2: Master's degree in Statistics, Economics, Analytics, Mathematics, Computer Science, Information Technology or related field and 4 years' experience in an analytics related field. Option 3: 8 years' experience in an analytics or related field.Preferred Qualifications...Outlined below are the optional preferred qualifications for this position. If none are listed, there are no preferred qualifications.Data science, machine learning, optimization models, PhD in Machine Learning, Computer Science, Information Technology, Operations Research, Statistics, Applied Mathematics, Econometrics, Publications or active peer reviewer in related journals or conference, Successful completion of one or more assessments in Python, Spark, Scala, or R, Using open source frameworks (for example, scikit learn, tensorflow, torch), We value candidates with a background in creating inclusive digital experiences, demonstrating knowledge in implementing Web Content Accessibility Guidelines (WCAG) 2.2 AA standards, assistive technologies, and integrating digital accessibility seamlessly. The ideal candidate would have knowledge of accessibility best practices and join us as we continue to create accessible products and services following Walmart's accessibility standards and guidelines for supporting an inclusive culture.Primary Location...640 W California Avenue, Sunnyvale, CA 94086-4828, United States of AmericaWalmart, Inc. is an Equal Opportunity Employer- By Choice. We believe we are best equipped to help our associates, customers, and the communities we serve live better when we really know them. That means understanding, respecting, and valuing diversity- unique styles, experiences, identities, abilities, ideas and opinions- while being inclusive of all people.",False,Half Moon Bay,CA,37.46355,-122.42859,"['retirement_savings', 'paid_time_off', 'health_insurance', 'dental_coverage']","{'no_experience_required': False, 'required_experience_in_months': 120, 'experience_mentioned': True, 'experience_preferred': True}",,"{'postgraduate_degree': False, 'professional_certification': False, 'high_school': False, 'associates_degree': False, 'bachelors_degree': False, 'degree_mentioned': True, 'degree_preferred': True, 'professional_certification_mentioned': False}",False,"{'Qualifications': ['What you will bring?Ph.D. or Masters in Data Science, Computer Science, or a related field with extensive experience in the applications of Data Science.10+ years of relevant experience in developing retail analytic capabilities', 'Extensive domain knowledge in retail data analytics, including inventory management, supply chain analysis, assortment management, in-store operations, digital operations, and customer data analytics', 'Strong communication skills to effectively translate technical concepts to non-technical stakeholders', 'Leadership experience and the ability to mentor and inspire a team of data scientists and analysts.A demonstrated passion for staying at the forefront of data science and AI advancements', ""Option 1: Bachelor's degree in Statistics, Economics, Analytics, Mathematics, Computer Science, Information Technology or related field and 6 years' experience in an analytics related field"", ""Option 3: 8 years' experience in an analytics or related field"", 'Data science, machine learning, optimization models, PhD in Machine Learning, Computer Science, Information Technology, Operations Research, Statistics, Applied Mathematics, Econometrics, Publications or active peer reviewer in related journals or conference, Successful completion of one or more assessments in Python, Spark, Scala, or R, Using open source frameworks (for example, scikit learn, tensorflow, torch), We value candidates with a background in creating inclusive digital experiences, demonstrating knowledge in implementing Web Content Accessibility Guidelines (WCAG) 2.2 AA standards, assistive technologies, and integrating digital accessibility seamlessly', ""The ideal candidate would have knowledge of accessibility best practices and join us as we continue to create accessible products and services following Walmart's accessibility standards and guidelines for supporting an inclusive culture""], 'Responsibilities': ['In this strategic role, you will leverage your deep domain knowledge in retail data analytics, spanning critical areas such as inventory management, supply chain analysis, assortment management, in-store operations, digital operations (including personalization and search), and customer data analytics', 'Additionally, you will apply your profound technical expertise in statistics, machine learning, and modern artificial intelligence techniques to drive innovation and shape the future of our data-driven solutions', 'What you will do?Spearhead the creation of new business capabilities that leverage AI/ML and advanced analytics to augment the value proposition of Luminate, and to aid Luminate users discover meaningful and actionable insights from data.enhance the usability and experience of retail operations, optimize supply chain, and improve customer experience', 'Utilize deep domain knowledge to identify opportunities for data-driven solutions across inventory management, assortment planning, in-store operations, and personalization', 'Design the architecture of AI/ML systems, which efficiently ingest, transform, and analyze large datasets to extract actionable insights for our users', 'And also, ensure the scalability, robustness and reliability of these systems', 'Establish and maintain the product capability map, and drive the creation of capabilities powered by data science and advanced analytics', 'Provide hands-on technical guidance and mentorship to other data scientists and data analysts, fostering a culture of learning and innovation', 'Collaborate closely with cross-functional teams, including Product Management, Design, business stakeholders, and external stakeholders.Do proof-of-concepts and provide strategic & technical recommendations in various products areas', 'Stay at the forefront of technological advancements, conducting research to identify emerging tools and methodologies', 'Communicate complex technical concepts effectively to both technical and non-technical stakeholders on specific product areas', 'Collaborate with product and business leaders throughout the company to ensure that technology initiatives align with business needs', 'Document architectural decisions, design patterns, and best practices to facilitate knowledge sharing across the broader organization'], 'Benefits': ['This approach helps us make quicker decisions, remove location barriers across our global team and be more flexible in our personal lives.Benefits:Benefits: Beyond our great compensation package, you can receive incentive awards for your performance', 'Other great perks include 401(k) match, stock purchase plan, paid maternity and parental leave, PTO, multiple health plans, and much more', 'Health benefits include medical, vision and dental coverage', 'Financial benefits include 401(k), stock purchase and company-paid life insurance', 'Paid time off benefits include PTO (including sick leave), parental leave, family care leave, bereavement, jury duty, and voting', 'Other benefits include short-term and long-term disability, company discounts, Military Leave Pay, adoption and surrogacy expense reimbursement, and more.\u200e\u200e\u200eYou will also receive PTO and/or PPTO that can be used for vacation, sick leave, holidays, or other purposes', 'The amount you receive depends on your job classification and length of employment', ""It will meet or exceed the requirements of paid sick leave laws, where applicable.\u200eFor information about PTO, see https://one.walmart.com/notices .\u200e\u200eLive Better U is a Walmart-paid education benefit program for full-time and part-time associates in Walmart and Sam's Club facilities"", 'Tuition, books, and fees are completely paid for by Walmart.\u200eEligibility requirements apply to some benefits and may depend on your job classification and length of employment', 'Benefits are subject to change and may be subject to a specific plan or program terms.\u200eFor information about benefits and eligibility, see One', 'Walmart .\u200eThe annual salary range for this position is $169,000.00-$338,000.00\u200eAdditional compensation includes annual or quarterly performance bonuses.\u200eAdditional compensation for certain positions may also include:\u200e\u200eStock\u200e\u200eMinimum Qualifications...Outlined below are the required minimum qualifications for this position']}","Half Moon Bay, CA","(USA) Distinguished, Data Scientist|Half Moon Bay, CA|Walmart",False,120.0,True,True,10.0,False
Pathways Recent Graduate (Data Scientist),U.S. Department of the Treasury,https://upload.wikimedia.org/wikipedia/commons/thumb/c/cb/Seal_of_the_United_States_Department_of_the_Treasury.svg/600px-Seal_of_the_United_States_Department_of_the_Treasury.svg.png,https://home.treasury.gov,Finance,LinkedIn,FULLTIME,https://www.linkedin.com/jobs/view/pathways-recent-graduate-data-scientist-at-u-s-department-of-the-treasury-3957659574,"Summary

Click on ""Learn more about this agency"" button below to view Eligibilities being considered and other IMPORTANT information.

Pathways is an Excepted Service Appointment, Schedule D, 5 CFR Part 362, and may NOT be combined with other Excepted Service Appointments (e.g., Schedule A).

For additional information regarding the Pathways Program, please refer to: Students & Recent Graduates on USAJOBS.

WHERE CAN I FIND OUT MORE ABOUT OTHER IRS CAREERS? Visit us on the web at www.jobs.irs.gov

Learn more about this agency

This job is open to
• Recent graduates

Individuals who have graduated from an accredited educational institute or certificate program within the last 2 years or 6 years for Veterans.

Clarification from the agency

Open to U.S. Citizens/Nationals who have completed a degree or certificate from a qualifying education institution within the previous 2 years or are within 9 months of graduating. Veterans unable to apply within 2 years of receiving their degree, due to military service obligation, have a full 2-year eligibility period upon release or discharge from active duty. The eligibility period for veterans must be within 6 years of degree completion.

Videos

Duties

IRS Recent Graduates Program affords developmental experiences in the Federal Government intended to promote possible careers in the civil service to individuals who have recently graduated from qualifying educational institutions or programs. Selected applicants are placed in a dynamic, developmental program with the potential to lead to a civil service career in the Federal Government. In addition, the IRS implemented the new IRS Forward Recent Graduate Program that includes an additional year of formal development, training, networking, project teams, and may include rotational assignments.

Following The Completion Of Program Requirements, Selectees May Be Considered For Non-competitive Conversion To a Career/career-conditional Or Term Appointment. All Conversion Requirements Will Be Identified In The Participant Agreement. Program Requirements Include But Are Not Limited To:
• Successful completion of at least 1 to 2 years of continuous service depending on the position;
• Completion of at least 40 hours of interactive training;
• Mentorship;
• Demonstration of successful job performance; and
• Meet the qualification position standards.

Conversion to the competitive service is not implied or guaranteed.

If Selected, You Will Be Placed In a Developmental Position As a Pathways Recent Graduate (Data Scientist), GS-1560- GS-09 With Promotion Potential To GS-12 In One The Division(s) Listed Below:
• Criminal Investigation- Special Programs and Applied Analytics

A description of the business units can be found at: https://www.jobs.irs.gov/about/who/business-divisions

The following are the duties of this position at the full working level.
• Assumes responsibility for the initiation, planning, implementation, controlling, modifying and executing

of all or part of an entire project, including such tasks as formulation of workload estimates for project

segments, specification of the methodology to be used, preparation of appropriate specifications and

procedures, and review of computer systems specifications and materials and instructions needed for

assuring the adequacy of the project's design. Collaborates with business and technology partners to

understand business needs, identify opportunities, and develop and implement analytical solutions.

Documents project work and reviews deliverables for validity and reliability.
• Assists the supervisor in determining the scope, goals and schedules for future programs in the Office.

Results have a direct impact on assigned area's policy. Acts as a troubleshooter in resolving bottlenecks

at any step in a project. Develops proofs of concept or demonstrations to evaluate feasibility of project

solutions and recommends visualization strategies
• Identifies and assesses relevant data sources' validity and reliability to meet project needs. Collates, cleans,

transforms, analyzes, and integrates structures and unstructured data from various sources in preparation for

analysis. Applies scientific, data mining, and statistical theory and methods to test hypotheses using

structured and unstructured data. Develops data product solutions to improve customer experiences, anomaly

detection, and business outcomes.
• Communicate analytic solutions to technical and non-technical stakeholders, including during executive level

and/or cross-agency meetings, in a clear and effective manner using oral and written

communications.

Requirements

Conditions of Employment
• Must be a U.S. Citizen or National and provide proof of U.S. Citizenship. (Birth certificate showing birth in the U.S; Unexpired U.S. Passport; Certificate of Citizenship or Naturalization; or Report of Birth Abroad of a U.S. Citizen (Form FS-240))
• Undergo a review of prior performance/conduct and an income tax verification. Refer to ""Get Your Tax Record"" at http://www.irs.gov/(https://www.irs.gov/individuals/get-transcript) to check the status of your account, balance owed, payment history, make a payment, or review answers to tax questions. If you are not in compliance, you will be determined unsuitable for employment with IRS.
• This position requires that the successful candidate undergo personnel vetting, which includes a background investigation and enrollment upon onboarding into ""Continuous Vetting."" Enrollment in Continuous Vetting will result in automated record checks being conducted throughout one's employment with Treasury. The successful candidate will also be enrolled into FBI's Rap Back service, which will allow Treasury to receive notification from the FBI of criminal matters (e.g., arrests, charges, convictions) involving enrolled individuals in near real-time. For more information regarding your rights refer to Noncriminal Justice Applicant's Privacy Rights - FBI, FD-258 Privacy Act Statement - FBI, and SEAD-3-Reporting-U.pdf (dni.gov).
• Complete a Declaration for Federal Employment to determine your suitability for Federal employment, at the time requested by the agency.
• Go through a Personal Identity Verification (PIV) process that requires two forms of identification from the Form I-9. Federal law requires verification of the identity and employment eligibility of all new hires in the U.S. These documents must be unexpired original or certified copies.
• The Fair Chance to Compete for Jobs Act prohibits the Department of Treasury and its bureaus from requesting an applicant's criminal history record before that individual receives a conditional offer of employment. In accordance with 5 U.S. Code
• 9202(c) and 5 C.F.R
• 920.201 certain positions are exempt from the provisions of the Fair Chance to Compete Act. Applicants who believe they have been subjected to a violation of the Fair Chance to Compete for Jobs Act, may submit a written complaint to the Department of Treasury by email at, FairChanceAct@treasury.gov. To learn more, please visit our page at: Treasury.gov/fairchanceact.

Qualifications

Federal experience is not required. The experience may have been gained in the public sector, private sector or Volunteer Service. One year of experience refers to full-time work; part-timework is considered on a prorated basis.

To ensure full credit for your work experience, please indicate dates of employment by month/year, and indicate number of hours worked per week, on your resume.

In order to qualify, you must first meet Pathways Recent Graduate Program eligibility:

You must have, within the previous 2 years, completed all educational requirements for a qualifying associate, bachelor, masters, professional, doctorate, vocational or technical degree or certificate from a qualifying institution; or intended graduation is no more than 9 months from date of application;
• OR-

Veterans (as defined in 5 U.S.C. 2108) who, due to a military service obligation, were precluded from applying to a Recent Graduates Program during any portion of the 2-year eligibility period may have their eligibility period extended so that they receive the full 2 years of eligibility. The remaining 2-year eligibility period will begin upon his or her release or discharge from active duty. The veteran's eligibility period may not extend beyond 6 years from the date of completion of all requirements of an academic course of study.

Secondly, you must meet any basic requirements of the position and the experience requirements described in the Office of Personnel Management (OPM) Qualification Standards for General Schedule Positions, Professional and Scientific Positions.

BASIC REQUIREMENT/Individual Occupational Requirements

You must have a degree in mathematics, statistics, computer science, data science or field directly related to the position. The degree must be in a major field of study (at least at the baccalaureate level) that is appropriate for the position.

OR

A combination of education and experience with courses equivalent to a major field of study (30 semester hours) as shown above, plus additional education or appropriate experience.

In Addition To Meeting The Basic Requirement Above, To Qualify For This Position You Must Also Meet The Qualification Requirements Listed Below:

SPECIALIZED EXPERIENCE: GS 09- You must have 1 year of specialized experience at a level of difficulty and responsibility equivalent to the GS-07 grade level in the Federal service. Specialized experience for this position includes: experience applying critical thinking and reasoning, and scientific methods to design, execute, and present to stakeholders a data science project. Experience applying mathematical and statistical theories, principles, concepts and practices that relate to experimental design, data analysis, sampling, forecasting, quality control, and operations research to understand, model and improve IRS program operations. Experience using data mining process models (CRISP-DM, SEMMA, etc.,) to design and execute data science project. Experience applying descriptive and inferential statistical methods to explore and evaluate data and models. Experience designing and leading experiments to design, execute, and present to stakeholders related to data science projects. Keeps up to date with innovations in data science from both academic and industry sources and identifies opportunities for implementation. Experience preparing and analyzing structured and unstructured datasets to explorations and evaluating data science centric models. Experience applying a range of analytic approaches, including (but not limited to) machine learning, text analytics, and natural language processing; graph theory, link analysis and optimization models; complex adaptive systems; and/or deep learning neural networks that are part of the exploration. Experience coding in various programming languages (such as R, Python, SQL, and JAVA) to conduct various phases of data science projects. Experience creating and querying different datastores and architectures (such as Sybase, Oracle, and open-source databases) to work with various types of data as part of the data science project. Experience using tools for data visualization (graphs, tables, charts, etc.,) and end-user business intelligence

OR

EDUCATION: You may substitute education for specialized experience as follows: 2 years of progressively higher-level graduate education leading to a master's degree or master's or equivalent graduate degree in mathematics, statistics, computer science, data science or field directly related to the position.

For more information on qualifications please refer to OPM's Qualifications Standards.

Education

This position has an education requirement. You MUST submit dated documentation showing completion or intended completion (if graduation is no more than 9 months from the date of application) of all educational requirements (e.g. letter from the registrar, unofficial transcripts). An official transcript will be required if you are selected. Education must be accredited by an accrediting institution recognized by the U.S. Department of Education.

FOREIGN EDUCATION: Education completed in foreign colleges or universities may be used to meet the requirements. You must show proof the education credentials have been deemed to be at least equivalent to that gained in conventional U.S. education program. It is your responsibility to provide such evidence when applying. Click here (Section 3, Explanation of Terms) or here for Foreign Education Credentialing instructions.

CERTIFICATE: If you are qualifying based on a certificate program, please refer to Treasury's Pathways Program for more information on qualifying certificate programs. A Certificate Program is a post-secondary educational program in a qualifying educational institution, equivalent to at least one full-time academic year of study, that is part of an accredited college-level, technical, trade, vocational or business school curriculum. For study at a business or technical school, 36 weeks of study (20+ classroom hours per week) is comparable to 1 academic year of full-time study. IF you are applying with a completed IT or Business Professional Certification you must submit a dated transcript or letter issued by the Academic Institution detailing your completed coursework and credit hours completed. If your Academic institution calculates a full-year of academic studies with fewer hours, or academic credits are expressed in contract months, units, or other terms that differ from the conventional hours, please have your academic advisor provide a letter certifying the Certificate program meets the regulatory definition.

For more information on education requirements go to Treasury's Pathways Program.

Additional information
• Pathways in an Excepted Service Appointment, Schedule D, 5 CFR Part 362. Selected applicants who occupy positions in the Competitive Service must acknowledge the outcome of voluntarily leaving the Competitive Service prior to accepting an Excepted Service Appointment in a Pathways Program. See 5 CFR 302.102(b)(2).
• All selectees must sign a Participant Agreement.
• An official transcript must be provided to confirm degree completion prior to appointment to the position.
• Subject to a 1-year trial period (unless already completed).
• If you are a male applicant born after December 31, 1959, certify that you have registered with the Selective Service System or are exempt from having to do so.
• We may select from this announcement or any other source to fill one or more vacancies. Additional jobs may be filled.
• The salary range indicated in this announcement reflects the minimum locality pay up to maximum locality pay for all duty locations listed. The range will be adjusted for selected duty location. General Schedule locality pay tables may be found under Salaries & Wages.
• This is a non-bargaining unit position.
• Tour of Duty: Dayshift/Monday-Friday
• Alternative work schedule, staggered work hours or telework may be available.
• In the event that a building is closed due to rent management, new hires may be placed in a local commuting location.
• Telework Eligible Positions: Telework eligible positions do not guarantee telework. Employees must meet and sustain IRS telework eligibility requirements (e.g., reporting at least twice a pay period to your assigned Post of Duty (POD)) and supervisor's approval to participate in the IRS Telework Program. Employees must also be within a 200-mile radius of their official assigned post-of-duty (POD) while in a telework status. As a reminder - If you are selected for a position, you are responsible for reporting to your designated POD (location) on the negotiated start date or as directed by management.
• This is an expected service appointment and will be made for a specified period of time as identified in this job announcement. If you currently hold a federal position in the competitive service and accept this appointment, you will voluntarily relinquish your competitive position. Upon completion of this appointment, you will not be returned to your previous position.
• Obtain and use a government-issued charge card for business-related travel
• Though many locations may be listed, you will be limited to a maximum of 5 location choices. Please consider each location carefully when applying. If you are selected for a position at one of your location selections, that location will become your official post of duty.
• Benefits

A career with the U.S. government provides employees with a comprehensive benefits package. As a federal employee, you and your family will have access to a range of benefits that are designed to make your federal career very rewarding. Opens in a new windowLearn more about federal benefits.

Review our benefits

Eligibility for benefits depends on the type of position you hold and whether your position is full-time, part-time or intermittent. Contact the hiring agency for more information on the specific benefits offered.

How You Will Be Evaluated

You will be evaluated for this job based on how well you meet the qualifications above.

You will be evaluated based on how well you meet the qualifications listed in this vacancy announcement. Your qualifications will be determined based on your application materials (e.g., resume, supporting documents) and the responses you provide on the application questionnaire. Please be sure that your resume includes detailed information to support your qualifications for this position; failure to provide sufficient evidence in your resume may result in a ""not qualified"" determination. In order to be considered for this position, you must complete all required steps in the process and meet all qualifications. Overstating your qualifications and/or experience in your application materials or application questionnaire may result in your removal from consideration. Applicants who disqualify themselves will not be evaluated further.

Rating: You will be assessed on the following competencies (knowledge, skills, abilities, and other characteristics):
• Analysis and Decision Making
• Data Analysis
• Program/Project Management
• Service Delivery

Category rating will be used to rank and select eligible candidates. If qualified, you will be assigned to one of two quality level categories, CAT A/B, CAT C depending on your responses to the online questions, regarding your experience, education, and training related to this position. Your rating may be lowered if your responses to the online questions are not supported by the education and/or experience described in your application.

Referral: If you are among the top qualified candidates, your application may be referred to a selecting official for consideration. Candidates, if required to participate in a selection interview (telephonic and/or in person at the discretion of the Selecting Official in accordance with hiring practices), will be interviewed in quality group order. We will not reimburse costs related to the interview such as travel to and from the interview site.

Veterans' preference is applied after applicants are assessed. Qualified preference eligibiles who have a compensable service-connected disability of 10 percent or more (CPS, CP) are placed at the top of the highest category on the referral list (except for scientific or professional positions at the GS-9 level or higher). Remaining preference eligibles are placed above non-preference eligibles within their assigned category.

Required Documents

The following documents are required and must be provided with your application. All application materials, including transcripts, must be in English.
• Resume - Your resume MUST contain dates of employment (i.e., month/year to month/year or present). To ensure you receive full credit for relevant experience, include the hours worked per week. We recommend that your resume not exceed 5 pages. If including Federal service experience, you MUST provide the pay plan, series, and grade, i.e., GS-0301-09. If the pay plan, series, and grade are not provided, it may result in an ineligible determination.

Your resume must NOT include photographs, classified or government sensitive information, social security number (SSN), encrypted/digitally signed documents, or other inappropriate material or content. If your resume contains prohibited information as listed above, your application will be determined ineligible, and you will not receive consideration for this position. (Cover letters are optional.) Please view Resume Tips.

It is also recommended that your resume not include personal information such as age, gender, religion, race, disability, etc.
• Online Application - Questionnaire
• Education - See Education Section above
• Registration/License (if applicable) - active, current registration/license
• Veterans' Preference (if applicable) - You MUST submit a copy of your DD-214 (Member 4 copy), or other official documentation from a branch of the Armed Forces or the Department of Veterans Affairs showing dates of service and type of discharge. If you are serving under active duty, provide certification from the Armed Forces that you will be discharged or released within 120 days from the date of certification. The certification must indicate your dates of service, rank and that you will be separated under honorable conditions.

10-point preference eligible - Submit an Application for 10-point Veteran Preference, SF-15, along with the required documentation listed on the back of the SF-15. Veterans Affairs/Armed Forces certification must include the percentage of the service-connected disability or disabilities (including the ""combined"" percentage if you have more than one disability). Refer to FedsHireVets for additional information on veterans' preference.

Please note that if you do not provide all required information, as specified in this announcement, your application will be determined incomplete, and you will not be considered for this position (or may not receive the special consideration for which you may be eligible).

How to Apply

The following instructions outline our application process. You must complete this application process and submit any required documents by 11:59 p.m. Eastern Time (ET) on the closing date and/or cut-off dates in this announcement. We are available to assist you during business hours (normally 8:00 a.m. - 4:00 p.m. ET, Monday - Friday).

To preview the Application Questionnaire, please click the following link: https://apply.usastaffing.gov/ViewQuestionnaire/12447057
• To begin the application process, click the ""Apply Online"" button.
• You will be re-directed to Treasury's hiring system to complete your application process; answer the online questions, and submit all required documents. (To submit supporting documents, click one of the available options; Upload; Fax; or Reuse existing documents. To protect your privacy, we suggest you first remove your SSN).
• To complete, you must click the ""Submit Application"" button prior to 11:59 PM (ET) on 07/01/2024.

To update your application, including supporting documentation, at any time during the announcement open period, return to your USAJOBS account (https://my.usajobs.gov/Account/Login). There you will find a record of your application, the application status, and an option to Update Application. This option will no longer be available once the announcement has closed.

To verify the status of your application both during and after the announcement open period, log into your USAJOBS account: https://my.usajobs.gov/Account/Login . All of your applications will appear on the Welcome page. The application record in your USAJOBS account provides an Additional Ap",False,El Monte,CA,34.06862,-118.027565,['health_insurance'],"{'no_experience_required': True, 'required_experience_in_months': 12, 'experience_mentioned': True, 'experience_preferred': True}",,"{'postgraduate_degree': False, 'professional_certification': False, 'high_school': False, 'associates_degree': False, 'bachelors_degree': True, 'degree_mentioned': True, 'degree_preferred': True, 'professional_certification_mentioned': True}",False,"{'Qualifications': ['Individuals who have graduated from an accredited educational institute or certificate program within the last 2 years or 6 years for Veterans', 'Open to U.S. Citizens/Nationals who have completed a degree or certificate from a qualifying education institution within the previous 2 years or are within 9 months of graduating', 'Veterans unable to apply within 2 years of receiving their degree, due to military service obligation, have a full 2-year eligibility period upon release or discharge from active duty', 'The eligibility period for veterans must be within 6 years of degree completion', 'Successful completion of at least 1 to 2 years of continuous service depending on the position;', 'Must be a U.S. Citizen or National and provide proof of U.S. Citizenship. (Birth certificate showing birth in the U.S; Unexpired U.S. Passport; Certificate of Citizenship or Naturalization; or Report of Birth Abroad of a U.S. Citizen (Form FS-240))', 'Go through a Personal Identity Verification (PIV) process that requires two forms of identification from the Form I-9', ""The Fair Chance to Compete for Jobs Act prohibits the Department of Treasury and its bureaus from requesting an applicant's criminal history record before that individual receives a conditional offer of employment"", 'Federal experience is not required', 'To ensure full credit for your work experience, please indicate dates of employment by month/year, and indicate number of hours worked per week, on your resume', 'You must have, within the previous 2 years, completed all educational requirements for a qualifying associate, bachelor, masters, professional, doctorate, vocational or technical degree or certificate from a qualifying institution; or intended graduation is no more than 9 months from date of application;', 'Secondly, you must meet any basic requirements of the position and the experience requirements described in the Office of Personnel Management (OPM) Qualification Standards for General Schedule Positions, Professional and Scientific Positions', 'The degree must be in a major field of study (at least at the baccalaureate level) that is appropriate for the position', 'A combination of education and experience with courses equivalent to a major field of study (30 semester hours) as shown above, plus additional education or appropriate experience', 'SPECIALIZED EXPERIENCE: GS 09- You must have 1 year of specialized experience at a level of difficulty and responsibility equivalent to the GS-07 grade level in the Federal service', 'Specialized experience for this position includes: experience applying critical thinking and reasoning, and scientific methods to design, execute, and present to stakeholders a data science project', 'Experience applying mathematical and statistical theories, principles, concepts and practices that relate to experimental design, data analysis, sampling, forecasting, quality control, and operations research to understand, model and improve IRS program operations', 'Experience using data mining process models (CRISP-DM, SEMMA, etc.,) to design and execute data science project', 'Experience applying descriptive and inferential statistical methods to explore and evaluate data and models', 'Experience designing and leading experiments to design, execute, and present to stakeholders related to data science projects', 'Experience applying a range of analytic approaches, including (but not limited to) machine learning, text analytics, and natural language processing; graph theory, link analysis and optimization models; complex adaptive systems; and/or deep learning neural networks that are part of the exploration', 'Experience coding in various programming languages (such as R, Python, SQL, and JAVA) to conduct various phases of data science projects', 'Experience creating and querying different datastores and architectures (such as Sybase, Oracle, and open-source databases) to work with various types of data as part of the data science project', 'Experience using tools for data visualization (graphs, tables, charts, etc.,) and end-user business intelligence', ""EDUCATION: You may substitute education for specialized experience as follows: 2 years of progressively higher-level graduate education leading to a master's degree or master's or equivalent graduate degree in mathematics, statistics, computer science, data science or field directly related to the position"", ""For more information on qualifications please refer to OPM's Qualifications Standards"", 'You MUST submit dated documentation showing completion or intended completion (if graduation is no more than 9 months from the date of application) of all educational requirements (e.g. letter from the registrar, unofficial transcripts)', 'Education must be accredited by an accrediting institution recognized by the U.S', 'You must show proof the education credentials have been deemed to be at least equivalent to that gained in conventional U.S. education program', 'A Certificate Program is a post-secondary educational program in a qualifying educational institution, equivalent to at least one full-time academic year of study, that is part of an accredited college-level, technical, trade, vocational or business school curriculum', 'IF you are applying with a completed IT or Business Professional Certification you must submit a dated transcript or letter issued by the Academic Institution detailing your completed coursework and credit hours completed', 'Selected applicants who occupy positions in the Competitive Service must acknowledge the outcome of voluntarily leaving the Competitive Service prior to accepting an Excepted Service Appointment in a Pathways Program', 'An official transcript must be provided to confirm degree completion prior to appointment to the position', 'Subject to a 1-year trial period (unless already completed)', 'Employees must also be within a 200-mile radius of their official assigned post-of-duty (POD) while in a telework status', 'All application materials, including transcripts, must be in English', 'Resume - Your resume MUST contain dates of employment (i.e., month/year to month/year or present)', 'To ensure you receive full credit for relevant experience, include the hours worked per week', 'If including Federal service experience, you MUST provide the pay plan, series, and grade, i.e., GS-0301-09', 'Education - See Education Section above', 'Registration/License (if applicable) - active, current registration/license', ""Veterans' Preference (if applicable) - You MUST submit a copy of your DD-214 (Member 4 copy), or other official documentation from a branch of the Armed Forces or the Department of Veterans Affairs showing dates of service and type of discharge"", 'If you are serving under active duty, provide certification from the Armed Forces that you will be discharged or released within 120 days from the date of certification', 'The certification must indicate your dates of service, rank and that you will be separated under honorable conditions'], 'Responsibilities': ['Assumes responsibility for the initiation, planning, implementation, controlling, modifying and executing', 'of all or part of an entire project, including such tasks as formulation of workload estimates for project', 'segments, specification of the methodology to be used, preparation of appropriate specifications and', 'procedures, and review of computer systems specifications and materials and instructions needed for', ""assuring the adequacy of the project's design"", 'Collaborates with business and technology partners to', 'understand business needs, identify opportunities, and develop and implement analytical solutions', 'Documents project work and reviews deliverables for validity and reliability', 'Assists the supervisor in determining the scope, goals and schedules for future programs in the Office', ""Results have a direct impact on assigned area's policy"", 'Acts as a troubleshooter in resolving bottlenecks', 'at any step in a project', 'Develops proofs of concept or demonstrations to evaluate feasibility of project', 'solutions and recommends visualization strategies', ""Identifies and assesses relevant data sources' validity and reliability to meet project needs"", 'Collates, cleans,', 'transforms, analyzes, and integrates structures and unstructured data from various sources in preparation for', 'Applies scientific, data mining, and statistical theory and methods to test hypotheses using', 'Develops data product solutions to improve customer experiences, anomaly', 'detection, and business outcomes', 'Communicate analytic solutions to technical and non-technical stakeholders, including during executive level', 'and/or cross-agency meetings, in a clear and effective manner using oral and written', 'Keeps up to date with innovations in data science from both academic and industry sources and identifies opportunities for implementation', 'Experience preparing and analyzing structured and unstructured datasets to explorations and evaluating data science centric models'], 'Benefits': ['General Schedule locality pay tables may be found under Salaries & Wages', 'Alternative work schedule, staggered work hours or telework may be available', 'Obtain and use a government-issued charge card for business-related travel', 'A career with the U.S. government provides employees with a comprehensive benefits package', 'As a federal employee, you and your family will have access to a range of benefits that are designed to make your federal career very rewarding', 'Eligibility for benefits depends on the type of position you hold and whether your position is full-time, part-time or intermittent']}","El Monte, CA","Pathways Recent Graduate (Data Scientist)|El Monte, CA|U.S. Department of the Treasury",True,12.0,True,True,1.0,False
"Principal, Data Scientist",Walmart,https://animationvisarts.com/wp-content/uploads/2020/08/Walmart-logo-2008-Now.jpg,https://www.walmart.com,Retail,Prime Job Link,FULLTIME,https://primejoblink.com/jobslistings/bcb39t0qm1ll-91d-8612a7bc104b5deee-86ffb291a952,"Position Summary...What you'll do...As the Principal Data Scientist, Marketing Data Science, you will lead the development of world-class analytics within the Walmart US Marketing team. You and your team are responsible for providing insights about retail and product marketing performance and optimization opportunities for our marketers, product category managers, advertising agencies, internal partner teams, and senior leaders. You will help develop a holistic understanding of how marketing channels and other business levers work together to grow customer engagement, drive incremental sales, and contribute to longer term strategic objectives. You will be a true thought leader and partner in the Marketing organization that can work across key parts of Marketing (Performance Marketing, Brand Marketing, Data Engineering, Category Marketing), Merchandising and Finance to bring data-driven decision making to our marketing strategy. Given the size and scale of the Marketing at Walmart investment this position will be highly visible and have an opportunity to make a significant impact across the entire organization.Team Summary:The Marketing Data Science team helps guide business strategy and drive marketing performance by synthesizing data and performance metrics into actionable insights for Walmart's marketing teams, agency partners, and the broader Walmart enterprise. The team sits within the Customer Insights & Strategy organization and is part of the Walmart US Omni (eCommerce and Stores) business. This organization is helping accelerate Walmart's aggressive growth both for online eCommerce and offline brick & mortar stores.About Walmart MarketingNamed Ad Age's Marketer of the Year in 2022, you'll join an internationally recognized team of thinkers, creators, and problem solvers passionate about helping people save money and live better.Walmart Marketing is a dynamic, multidimensional organization dedicated to redefining how the world shops through impactful creative and fast-paced innovation - all grounded in customer insights and brand strategy. We live out our company values each day while striving to exceed customer expectations and drive growth for the company.We orchestrate marketing campaigns and experiences that reach millions of daily shoppers. Our work spans the digital and physical spaces and combines the work of numerous internal teams and external advertising and media agencies. Our teams work together to show our customers how they can save money and live better. If you are motivated by complex challenges and want to build the future of commerce and consumer services, a Marketing role at Walmart could be what you've been looking for.Our Marketing team has flexibility on location, for most of our openings, you can live within driving distance to one of our hubs: Bentonville, AR, Hoboken, NJ, San Bruno, CA, Sunnyvale, CA or Los Angeles, CA. We're moving toward 3 days in the office per week, with flexibility.You will make an impact by:Leading the development, deployment and adoption of advanced media attribution models to measure and help optimize Walmart's marketing investment across a wide range of short and long term business objectives.Developing, socializing & scaling transformative solutions to solve key marketing measurement challenges. Applying marketing measurement techniques, including media mix models, multi-touch attribution, a/b testing, and causal inference models, to quantify the impact of marketing tactics and other business drivers on short & long-term business and financial outcomes.Informing the development of enterprise customer segmentation and audience targeting strategies. Integrating marketing performance insights into our broader understanding of the factors affecting customer engagement and value.Supporting Walmart's Category Marketing team by delivering empirically based insights into marketing's contribution to product category performance and growth goals.Building & maintaining strong working relationships across departments or teams based on trust and mutual respect. Communicating with senior stakeholders to balance stakeholder and analytics perspectives.Providing thought leadership in identifying opportunities to leverage advanced analytics drive incremental performance and business value.Partnering with the Data Enablement and Tech teams to define requirements for analytics data pipelines, data management tools, and data visualization/reporting products.Partnering with internal Marketing, Finance, Tech and Planning teams to develop forecasts for marketing's incremental contribution to sales and digital traffic. Developing tools and lead training that enable Marketers partners to adopt an analytical mindset for their daily business decisions.Communicating technical material clearly to a range of audiences and build narratives that provides insight into the factors impacting business performance.You'll sweep us off our feet if...You have a track record of solving challenging & transformational data science problems in scale - applying your skills, experience and leadership to deliver innovative analytics solutions which drive the company forwardYou operate with customer centricity at the forefrontYou have experience working in multiple business areas / functions / segmentsYou can collect, organize, analyze, and disseminate significant amounts of information with attention to detail and accuracyYou have experience transforming/automating data within cloud architectures (ie. Google Cloud Platform)You have hands on experience and skill communicating complex quantitative information and insights to a broad audience of senior leaders & decision makersYou can partner effectively with internal stakeholders, including data scientists and data engineersYou are curious, proactive and comfortable working in unstructured environmentsYou have experience driving understanding of customers and their interaction with products, through in-depth analyses of user behavior and engagementYou have a passion for working in a fast-paced agile environmentMinimum Qualifications:BA/BS in Business, Marketing, Mathematics, Statistics or related field (or equivalent experience)7+ years of experience in data analysis or an analytical capacity3+ years of experience in Retail Analytics, Digital Analytics, or eCommerce Analytics2+ years of experience leading cross functional teams and influencing Product, Finance, Business Operations and Engineering.Strong organizational skills, a strong sense of ownership and accountability, and the ability to lead projects, communicate effectively, and be a self-starter.Preferred Qualifications:PhD in Economics, Statistics, Computer Science, Operations Research, or related field.9 years' experience in data science, machine learning, optimization models, or related field.Advanced proficiency in Python, Spark, Scala, or R.7 years' experience using open-source learning frameworks (for example, Scikit Learn, TensorFlow, Torch).2+ years leadership / supervisory experience.Prior experience with strategy consulting companiesHands-on experience developing and deploying advanced & scalable marketing measurement & optimization solutions, including marketing mix or multi-touch attribution models; experience leading media mix and predictive modeling initiatives.Deep working knowledge and experience with supervised models (GLM, classification models, ensemble techniques, regularization techniques, Bayesian models, supervised Neural Networks), and unsupervised models (e.g., K-means clustering, Probabilistic Clustering, Principal Component Analysis, etc.)Experience leveraging cloud based big data technologies (Hive/Hadoop) and modern data visualization tools (Tableau, ThoughtSpot, Looker) to blend data from multiple sources to help answer multi-dimensional business questions.Experience with various types of marketing data, including data regarding media (e. g., IRI, Kantar, Nielsen) and digital audience (e. g., DMPs), ad-serving (e.g., Google DCM, Atlas), and digital clickstream (e.g., Google Analytics, Adobe).Proven track record of thought leadership, innovation, and collaborative partnership with senior leaders in marketing and other business functions.Experience with causal inference measurement methodologies (a/b and multivariate testing, customer level synthetic control groups, Google Causal Inference, geo-based a/b testing).Working knowledge of Digital Marketing Channels (at least CPC Paid Search and Programmatic Display). Preference will be given to candidates with experience optimizing paid media channels through advanced Marketing and Ad Technology (i.e. Marin, Kenshoo, Google DoubleClick & Adwords, etc.).Strong organizational skills with a demonstrated ability to manage multiple priorities and lead complex projects with a high degree of ambiguity.Strong problem solving, analytical and quantitative skills and ability to synthesize findings into tangible actions that help drive business outcomes.A self-starter with a sense of ownership and accountabilityYou have a passion for working in a fast-paced agile environment.How you'll thrive at Walmart:Performance-based incentive awards401k with company matchDiscounted employee stock purchase planPaid parental leave,New surrogacy & adoption benefitsUnlimited Flex Time OffWorking alongside a diverse group of collaborative and innovative team membersOpportunity for growth and development across several areas of the Fortune 1 organizationAnd much moreEqual Opportunity EmployerWalmart, Inc. is an Equal Opportunity Employer - By Choice. We believe we are best equipped to help our associates, customers and the communities we serve live better when we really know them. That means understanding, respecting and valuing diversity- unique styles, experiences, identities, ideas and opinions - while being inclusive of all people.Who We AreJoin Walmart and your work could help over 275 million global customers live better every week. Yes, we are the Fortune #1 company. But you'll quickly find we're a company who wants you to feel comfortable bringing your whole self to work. A career at Walmart is where the world's most complex challenges meet a kinder way of life. Our mission spreads far beyond the walls of our stores. Join us and you'll discover why we are a world leader in diversity and inclusion, sustainability, and community involvement. From day one, you'll be empowered and equipped to do the best work of your life. careers.walmart.comAt Walmart, we offer competitive pay as well as performance-based bonus awards and other great benefits for a happier mind, body, and wallet. Health benefits include medical, vision and dental coverage. Financial benefits include 401(k), stock purchase and company-paid life insurance. Paid time off benefits include PTO (including sick leave), parental leave, family care leave, bereavement, jury duty, and voting. Other benefits include short-term and long-term disability, company discounts, Military Leave Pay, adoption and surrogacy expense reimbursement, and more.‎‎‎You will also receive PTO and/or PPTO that can be used for vacation, sick leave, holidays, or other purposes. The amount you receive depends on your job classification and length of employment. It will meet or exceed the requirements of paid sick leave laws, where applicable.‎For information about PTO, see https://one.walmart.com/notices .‎‎Live Better U is a Walmart-paid education benefit program for full-time and part-time associates in Walmart and Sam's Club facilities. Programs range from high school completion to bachelor's degrees, including English Language Learning and short-form certificates. Tuition, books, and fees are completely paid for by Walmart.‎Eligibility requirements apply to some benefits and may depend on your job classification and length of employment. Benefits are subject to change and may be subject to a specific plan or program terms.‎For information about benefits and eligibility, see One.Walmart .‎The annual salary range for this position is $143,000.00-$286,000.00‎Additional compensation includes annual or quarterly performance bonuses.‎Additional compensation for certain positions may also include:‎‎Stock‎‎Minimum Qualifications...Outlined below are the required minimum qualifications for this position. If none are listed, there are no minimum qualifications.Option 1: Bachelors degree in Statistics, Economics, Analytics, Mathematics, Computer Science, Information Technology or related field and 5 years' experience in an analytics related field. Option 2: Masters degree in Statistics, Economics, Analytics, Mathematics, Computer Science, Information Technology or related field and 3 years' experience in an analytics related field. Option 3: 7 years' experience in an analytics or related fieldPreferred Qualifications...Outlined below are the optional preferred qualifications for this position. If none are listed, there are no preferred qualifications.Data science, machine learning, optimization models, PhD in Machine Learning, Computer Science, Information Technology, Operations Research, Statistics, Applied Mathematics, Econometrics, Publications or active peer reviewer in related journals or conference, Successful completion of one or more assessments in Python, Spark, Scala, or R, Using open source frameworks (for example, scikit learn, tensorflow, torch), We value candidates with a background in creating inclusive digital experiences, demonstrating knowledge in implementing Web Content Accessibility Guidelines (WCAG) 2.2 AA standards, assistive technologies, and integrating digital accessibility seamlessly. The ideal candidate would have knowledge of accessibility best practices and join us as we continue to create accessible products and services following Walmart's accessibility standards and guidelines for supporting an inclusive culture.Primary Location...850 Cherry Avenue, San Bruno, CA 94066-3031, United States of AmericaWalmart, Inc. is an Equal Opportunity Employer- By Choice. We believe we are best equipped to help our associates, customers, and the communities we serve live better when we really know them. That means understanding, respecting, and valuing diversity- unique styles, experiences, identities, abilities, ideas and opinions- while being inclusive of all people.",False,South San Francisco,CA,37.654655,-122.40775,"['retirement_savings', 'paid_time_off', 'dental_coverage', 'health_insurance']","{'no_experience_required': False, 'required_experience_in_months': 108, 'experience_mentioned': True, 'experience_preferred': True}",,"{'postgraduate_degree': False, 'professional_certification': False, 'high_school': False, 'associates_degree': False, 'bachelors_degree': False, 'degree_mentioned': True, 'degree_preferred': True, 'professional_certification_mentioned': False}",False,{},"South San Francisco, CA","Principal, Data Scientist|South San Francisco, CA|Walmart",False,108.0,True,True,9.0,False
"Senior Data Scientist, Inference, Marketing Technology",Airbnb,"https://press.airbnb.com/wp-content/uploads/sites/4/2017/01/airbnb_vertical_lockup_web.png?fit=2096,1048",http://www.airbnb.com,,IMDiversity,FULLTIME,https://jobs.imdiversity.com/career/158259/senior-data-scientist-inference-marketing-technology-california-ca-remote,"Senior Data Scientist, Inference, Marketing Technology

Airbnb was born in 2007 when two Hosts welcomed three guests to their San Francisco home, and has since grown to over 4 million Hosts who have welcomed more than 1 billion guest arrivals in almost every country across the globe. Every day, Hosts offer unique stays and experiences that make it possible for guests to connect with communities in a more authentic way.

The Community You Will Join:

The Marketing Technology team is responsible for driving host and guest growth. We do this through devising data-driven marketing campaign strategies, reliable campaign delivery platforms, and advanced machine learning models. We build products that allow us to reach more audiences, improve our targeting, and optimize our bidding.

The Difference You Will Make:

We are looking for a Data Scientist to help improve our measurement of brand marketing and develop insights that support how we plan and optimize campaigns, such as creatives, landing pages etc. The ideal candidate will have a strong knowledge of causal inference, understanding of Bayesian modeling and its application in marketing, the ability to work effectively with multiple stakeholders, and an eagerness to improve our campaign strategies. Examples of projects you might work on include developing Marketing Mix Model, design and analyzing Quasi-experimentation. If you’re passionate about using your skills to understand and improve the impact of our marketing, we want to hear from you.

A Typical Day:

Inference: Apply or develop causal inference methods, bayesian regression models to estimate the effect of Airbnb’s online and offline advertising
Experimentation: Design and analyze experiments to measure the effectiveness of our digital marketing spend
AI/ML: Use LLM to understand user travel scenarios and preferences and optimize marketing touch points with Reinforcement Learning
Insights: Generate insights about customer segments and the company's most valuable guests to improve ad effectiveness and optimize spend
Communication: Work closely with a range of stakeholders to design and implement measurement of brand marketing campaigns
Empowerment: Think strategically about opportunities to improve and scale our brand measurement and customer insights
Your Expertise:

6+ years of industry experience in a quantitative analysis role with a Master’s degree in a quantitative field (math / economics / statistics, and etc.), or 4+ years of experience with a Phd degree.
Knowledge with Bayesian Modeling
Strong knowledge of causal inference and experimentation
Skilled in statistical programming (Python or R) and database usage (SQL)
Ability to solve business problems using appropriate methods and models
Ability to communicate clearly and effectively to cross functional partners of varying technical levels and drive impact
Ability to translate complex findings and results into a compelling narrative
Preferred qualifications

PhD in Economics, Statistics, Marketing, or related field
Practical experience LLM, deep learning models for videos and audios and reinforcement learning
Passion for marketing and consumer science; a desire to keep up with and find opportunities to apply academic research
Your Location:

This position is US - Remote Eligible. The role may include occasional work at an Airbnb office or attendance at offsites, as agreed to with your manager. While the position is Remote Eligible, you must live in a state where Airbnb, Inc. has a registered entity. Click here for the up-to-date list of excluded states. This list is continuously evolving, so please check back with us if the state you live in is on the exclusion list. If your position is employed by another Airbnb entity, your recruiter will inform you what states you are eligible to work from.

Our Commitment To Inclusion & Belonging:

Airbnb is committed to working with the broadest talent pool possible. We believe diverse ideas foster innovation and engagement, and allow us to attract creatively-led people, and to develop the best products, services and solutions. All qualified individuals are encouraged to apply.

Pay Range
$174,000—$213,500 USD",False,Daly City,CA,37.71,-122.45,,"{'no_experience_required': False, 'required_experience_in_months': 72, 'experience_mentioned': True, 'experience_preferred': False}",,"{'postgraduate_degree': False, 'professional_certification': False, 'high_school': False, 'associates_degree': False, 'bachelors_degree': False, 'degree_mentioned': True, 'degree_preferred': True, 'professional_certification_mentioned': False}",False,"{'Qualifications': ['6+ years of industry experience in a quantitative analysis role with a Master’s degree in a quantitative field (math / economics / statistics, and etc.), or 4+ years of experience with a Phd degree', 'Skilled in statistical programming (Python or R) and database usage (SQL)', 'Ability to solve business problems using appropriate methods and models', 'Ability to communicate clearly and effectively to cross functional partners of varying technical levels and drive impact', 'Ability to translate complex findings and results into a compelling narrative', 'PhD in Economics, Statistics, Marketing, or related field', 'Practical experience LLM, deep learning models for videos and audios and reinforcement learning', 'Passion for marketing and consumer science; a desire to keep up with and find opportunities to apply academic research'], 'Responsibilities': ['Examples of projects you might work on include developing Marketing Mix Model, design and analyzing Quasi-experimentation', 'Inference: Apply or develop causal inference methods, bayesian regression models to estimate the effect of Airbnb’s online and offline advertising', 'Experimentation: Design and analyze experiments to measure the effectiveness of our digital marketing spend', 'AI/ML: Use LLM to understand user travel scenarios and preferences and optimize marketing touch points with Reinforcement Learning', ""Insights: Generate insights about customer segments and the company's most valuable guests to improve ad effectiveness and optimize spend"", 'Communication: Work closely with a range of stakeholders to design and implement measurement of brand marketing campaigns', 'Empowerment: Think strategically about opportunities to improve and scale our brand measurement and customer insights'], 'Benefits': ['$174,000—$213,500 USD']}","Daly City, CA","Senior Data Scientist, Inference, Marketing Technology|Daly City, CA|Airbnb",False,72.0,True,False,6.0,False
"(USA) Principal, Data Scientist - ML Architect",Walmart,https://animationvisarts.com/wp-content/uploads/2020/08/Walmart-logo-2008-Now.jpg,https://www.walmart.com,Retail,Prime Job Link,FULLTIME,https://primejoblink.com/jobslistings/de29epn7ow6v-82f3f183cffde2e371136954e-a9ae-e58,"Position Summary...What you'll do...The Principal Data Scientist in the Data Science team will play a crucial role as an architect, leading AI explorations, research, algorithmic solution creation, and fast prototyping aimed to deliver impactful initiatives within the Sam's Club division of Walmart Inc. The position involves developing the foundational ML/AI models that will drive a tailored and enjoyable member experience across our eCommerce, Scan & Go, and in-club shopping interactions.As the Principal Data Scientist, you will oversee end-to-end implementation of Machine Learning products in the Ads. You will guide a scrum team and collaborate with an accomplished team of Product Managers and Technologists to implement ML/AI solutions at scale. This offers a thrilling chance to integrate retail industry knowledge with machine learning algorithms, upsetting traditional business practices to achieve ambitious growth objectives.In this capacity, you will join a vibrant group of high-achieving individuals spanning Search and Ads leading impactful and transformative shifts in our business.About Team: Sams Search and AdsAds Relevancy and Ranking Team at Sam's club: A high-visibility assembly of Data Scientists and Machine Learning Experts dedicated to revolutionizing ad experiences with unparalleled precision in Relevancy and Ranking within the retail giant's ecosystem. Our mission is to refine ad interactions across Walmart and Sam's Club platforms, ensuring each advertisement is not only relevant but seamlessly integrated into the customer journey, thereby significantly enhancing user engagement, and simplifying their decision-making process. By harnessing advanced, scalable systems, our team is at the forefront of transforming the ad experience into something intuitively customer centric. Our pivotal role in managing vast traffic volumes and catalyzing revenue growth is recognized across the organization, marking us as a cornerstone of innovation within Walmart/Sam's Club. Celebrated for our groundbreaking solutions and strategic impact, we are leading the evolution in ad visibility and effectiveness, driving marketplace success by making customer experiences more engaging and effortless.What you'll do:Leading a team of Data Scientists and Engineers focused on backend software infrastructure for powering AI/ML solutionsPartner closely with Product and engineering leaders to inform, drive and accelerate innovations in discovery experiences via Insights, frameworks, causal inference solutions and machine learning prototypes.Executing full life cycle of projects through project planning, data collection, model prototyping and deployment, with responsibilities encompassing stakeholder management and communication to cross-functional partners.Building MLOps framework to create, build and deploy data science algorithms continuously test and personalize user experienceWhat you'll bring:You have experience in the development of large-scale production systems, Knowledge of Search, Ads, information retrieval and ranking systems.You have experience building large scale ML systems in public cloud like Azure, Google etc3 years+ of experience in applied machine learning, familiar with one or more of the algorithms such as Collaborative Filtering, Matrix Factorization, Factorization Machines, Word2vec, Deep Neural Networks, Wide and Deep etcYou are skilled in Programming language (Python, Java, R or Scala) and Large-scale training using data structures and algorithmsMachine Learning Software such as Tensorflow/Pytorch, Caffe, Scikit-Learn, or Spark MLLibYou have experience with cloud environments such as Azure, Google Cloud, etc.Solid MLOps practices including good design documentation, unit testing, integration testing and source code control (git).You are experienced with agile methodologies using project planning and tracking management tools e.g., JIRAYou're naturally curious on how things work and excited by solving challenges at the scale of a Fortune 1 Retailer.About Walmart General/Not Function SpecificSam Walton opened the first Sam's Club in 1983 to meet a growing need among customers who wanted to buy merchandise in bulk. Since then, Sam's Club has grown rapidly, opening more than 600 clubs in the U.S. and 100 clubs internationally. By offering affordable, wholesale merchandise to members, Sam's Club helps make saving simple for families and small business owners. Sam's Club employs about 110,000 associates in the U.S. The average club is 134,000 square feet and offers bulk groceries and general merchandise. Most clubs also have specialty services, such as a pharmacy, an optical department, a photo center, or a tire and battery center.Future Ways of Working:Our company's success can be attributed to our employees. While technology has allowed us to be effective while working remotely, there is no substitute for being in the office together; it helps to shape our culture, collaborate, innovate, build relationships, and move more quickly. We strive to provide flexibility in order to promote a healthy work-life balance but recognize that in-person interactions are important to our culture and shared success. We'll meet in person on a regular and purposeful basis.Benefits:Benefits: Beyond our great compensation package, you can receive incentive awards for your performance. Other great perks include 401(k) match, stock purchase plan, paid maternity and parental leave, PTO, multiple health plans, and much more.Equal Opportunity Employer:Sam's Club is an Equal Opportunity Employer- By Choice. We believe we are best equipped to help our associates, customers, and the communities we serve live better when we really know them. That means understanding, respecting, and valuing diversity- unique styles, experiences, identities, abilities, ideas and opinions- while being inclusive of all people.The above information has been designed to indicate the general nature and level of work performed in the role. It is not designed to contain or be interpreted as a comprehensive inventory of all responsibilities and qualifications required of employees assigned to this job. The full Job Description can be made available as part of the hiring process.At Walmart, we offer competitive pay as well as performance-based bonus awards and other great benefits for a happier mind, body, and wallet. Health benefits include medical, vision and dental coverage. Financial benefits include 401(k), stock purchase and company-paid life insurance. Paid time off benefits include PTO (including sick leave), parental leave, family care leave, bereavement, jury duty, and voting. Other benefits include short-term and long-term disability, company discounts, Military Leave Pay, adoption and surrogacy expense reimbursement, and more.‎‎‎You will also receive PTO and/or PPTO that can be used for vacation, sick leave, holidays, or other purposes. The amount you receive depends on your job classification and length of employment. It will meet or exceed the requirements of paid sick leave laws, where applicable.‎For information about PTO, see https://one.walmart.com/notices .‎‎Live Better U is a Walmart-paid education benefit program for full-time and part-time associates in Walmart and Sam's Club facilities. Programs range from high school completion to bachelor's degrees, including English Language Learning and short-form certificates. Tuition, books, and fees are completely paid for by Walmart.‎Eligibility requirements apply to some benefits and may depend on your job classification and length of employment. Benefits are subject to change and may be subject to a specific plan or program terms.‎For information about benefits and eligibility, see One.Walmart .‎The annual salary range for this position is $143,000.00-$286,000.00‎Additional compensation includes annual or quarterly performance bonuses.‎Additional compensation for certain positions may also include:‎‎Stock‎‎Minimum Qualifications...Outlined below are the required minimum qualifications for this position. If none are listed, there are no minimum qualifications.Option 1: Bachelors degree in Statistics, Economics, Analytics, Mathematics, Computer Science, Information Technology or related field and 5 years' experience in an analytics related field. Option 2: Masters degree in Statistics, Economics, Analytics, Mathematics, Computer Science, Information Technology or related field and 3 years' experience in an analytics related field. Option 3: 7 years' experience in an analytics or related fieldPreferred Qualifications...Outlined below are the optional preferred qualifications for this position. If none are listed, there are no preferred qualifications.Data science, machine learning, optimization models, PhD in Machine Learning, Computer Science, Information Technology, Operations Research, Statistics, Applied Mathematics, Econometrics, Publications or active peer reviewer in related journals or conference, Successful completion of one or more assessments in Python, Spark, Scala, or R, Using open source frameworks (for example, scikit learn, tensorflow, torch), We value candidates with a background in creating inclusive digital experiences, demonstrating knowledge in implementing Web Content Accessibility Guidelines (WCAG) 2.2 AA standards, assistive technologies, and integrating digital accessibility seamlessly. The ideal candidate would have knowledge of accessibility best practices and join us as we continue to create accessible products and services following Walmart's accessibility standards and guidelines for supporting an inclusive culture.Primary Location...640 W California Avenue, Sunnyvale, CA 94086-4828, United States of AmericaWalmart, Inc. is an Equal Opportunity Employer- By Choice. We believe we are best equipped to help our associates, customers, and the communities we serve live better when we really know them. That means understanding, respecting, and valuing diversity- unique styles, experiences, identities, abilities, ideas and opinions- while being inclusive of all people.",False,Berkeley,CA,37.87152,-122.27304,"['retirement_savings', 'health_insurance', 'paid_time_off', 'dental_coverage']","{'no_experience_required': False, 'required_experience_in_months': 84, 'experience_mentioned': True, 'experience_preferred': True}",,"{'postgraduate_degree': False, 'professional_certification': False, 'high_school': False, 'associates_degree': False, 'bachelors_degree': False, 'degree_mentioned': True, 'degree_preferred': True, 'professional_certification_mentioned': False}",False,"{'Qualifications': [""What you'll bring:You have experience in the development of large-scale production systems, Knowledge of Search, Ads, information retrieval and ranking systems"", 'You have experience building large scale ML systems in public cloud like Azure, Google etc3 years+ of experience in applied machine learning, familiar with one or more of the algorithms such as Collaborative Filtering, Matrix Factorization, Factorization Machines, Word2vec, Deep Neural Networks, Wide and Deep etcYou are skilled in Programming language (Python, Java, R or Scala) and Large-scale training using data structures and algorithms', 'Machine Learning Software such as Tensorflow/Pytorch, Caffe, Scikit-Learn, or Spark MLLibYou have experience with cloud environments such as Azure, Google Cloud, etc', ""Solid MLOps practices including good design documentation, unit testing, integration testing and source code control (git).You are experienced with agile methodologies using project planning and tracking management tools e.g., JIRAYou're naturally curious on how things work and excited by solving challenges at the scale of a Fortune 1 Retailer"", ""Option 1: Bachelors degree in Statistics, Economics, Analytics, Mathematics, Computer Science, Information Technology or related field and 5 years' experience in an analytics related field"", ""Option 3: 7 years' experience in an analytics or related field"", 'Data science, machine learning, optimization models, PhD in Machine Learning, Computer Science, Information Technology, Operations Research, Statistics, Applied Mathematics, Econometrics, Publications or active peer reviewer in related journals or conference, Successful completion of one or more assessments in Python, Spark, Scala, or R, Using open source frameworks (for example, scikit learn, tensorflow, torch), We value candidates with a background in creating inclusive digital experiences, demonstrating knowledge in implementing Web Content Accessibility Guidelines (WCAG) 2.2 AA standards, assistive technologies, and integrating digital accessibility seamlessly', ""The ideal candidate would have knowledge of accessibility best practices and join us as we continue to create accessible products and services following Walmart's accessibility standards and guidelines for supporting an inclusive culture""], 'Responsibilities': ['The position involves developing the foundational ML/AI models that will drive a tailored and enjoyable member experience across our eCommerce, Scan & Go, and in-club shopping interactions.As the Principal Data Scientist, you will oversee end-to-end implementation of Machine Learning products in the Ads', 'You will guide a scrum team and collaborate with an accomplished team of Product Managers and Technologists to implement ML/AI solutions at scale', 'Partner closely with Product and engineering leaders to inform, drive and accelerate innovations in discovery experiences via Insights, frameworks, causal inference solutions and machine learning prototypes', 'Executing full life cycle of projects through project planning, data collection, model prototyping and deployment, with responsibilities encompassing stakeholder management and communication to cross-functional partners', 'Building MLOps framework to create, build and deploy data science algorithms continuously test and personalize user experience'], 'Benefits': [""We'll meet in person on a regular and purposeful basis.Benefits:Benefits: Beyond our great compensation package, you can receive incentive awards for your performance"", 'Other great perks include 401(k) match, stock purchase plan, paid maternity and parental leave, PTO, multiple health plans, and much more', 'Health benefits include medical, vision and dental coverage', 'Financial benefits include 401(k), stock purchase and company-paid life insurance', 'Paid time off benefits include PTO (including sick leave), parental leave, family care leave, bereavement, jury duty, and voting', 'Other benefits include short-term and long-term disability, company discounts, Military Leave Pay, adoption and surrogacy expense reimbursement, and more.\u200e\u200e\u200eYou will also receive PTO and/or PPTO that can be used for vacation, sick leave, holidays, or other purposes', 'The amount you receive depends on your job classification and length of employment', ""It will meet or exceed the requirements of paid sick leave laws, where applicable.\u200eFor information about PTO, see https://one.walmart.com/notices .\u200e\u200eLive Better U is a Walmart-paid education benefit program for full-time and part-time associates in Walmart and Sam's Club facilities"", 'Tuition, books, and fees are completely paid for by Walmart.\u200eEligibility requirements apply to some benefits and may depend on your job classification and length of employment', 'Benefits are subject to change and may be subject to a specific plan or program terms.\u200eFor information about benefits and eligibility, see One', 'Walmart .\u200eThe annual salary range for this position is $143,000.00-$286,000.00\u200eAdditional compensation includes annual or quarterly performance bonuses.\u200eAdditional compensation for certain positions may also include:\u200e\u200eStock\u200e\u200eMinimum Qualifications...Outlined below are the required minimum qualifications for this position']}","Berkeley, CA","(USA) Principal, Data Scientist - ML Architect|Berkeley, CA|Walmart",False,84.0,True,True,7.0,False
Lead Generative AI Infrastructure Engineer,Capital One,https://www.capitalone.com/assets/shell/apple-touch-icon.png,http://www.capitalone.com,Finance,Aspire Hire Zone,FULLTIME,https://aspirehirezone.com/viewcareers/9b1e8eei6h1h-5ad537-44a3986fad27f9c26cba1e-43de,"Center 1 (19052), United States of America, McLean, Virginia
Lead Generative AI Infrastructure Engineer (Remote Eligible)

Our mission at Capital One is to create trustworthy, reliable and human-in-the-loop AI systems, changing banking for good. For years, Capital One has been leading the industry in using machine learning to create real-time, intelligent, automated customer experiences. From informing customers about unusual charges to answering their questions in real time, our applications of AI & ML are bringing humanity and simplicity to banking. Because of our investments in public cloud infrastructure and machine learning platforms, we are now uniquely positioned to harness the power of AI. We are committed to building world-class applied science and engineering teams and continue our industry leading capabilities with breakthrough product experiences and scalable, high-performance AI infrastructure. At Capital One, you will help bring the transformative power of emerging AI capabilities to reimagine how we serve our customers and businesses who have come to love the products and services we build.

We are looking for an experienced Lead Engineer, Generative AI Infrastructure to help us build the foundations of our AI capabilities. You will work on a wide range of initiatives, whether that’s building large-scale distributed training clusters, or deploying LLMs on GPU instances for real-time applications and decisioning systems, or supporting cutting-edge AI research and development, all in our public cloud infrastructure. You will work closely with our cloud and container infrastructure teams as well as our world-class team of AI researchers to design and implement key capabilities. Examples of projects you will work on:
• Deploy a thousand-node training cluster optimizing storage and networking stack, with tightly coupled training pipelines to take advantage of multiple parallelism strategies, in our public cloud.
• Design and build fault-tolerant infrastructure to support long-running large-scale training tasks reliably despite failure of individual nodes, using containers and check-pointing libraries.
• Design and build run-time infrastructure for serving large ML models such as LLMs and FMs in our public cloud.
• Build infrastructure for deploying search indexes and embeddings in vector databases that will work closely with the rest of our capabilities.

Capital One is open to hiring a Remote Employee for this opportunity

Basic Qualifications:
• Bachelor's degree in Computer Science, Computer Engineering or a technical field
• At least 6 years of experience designing and building data-intensive solutions using distributed computing
• At least 6 years of experience programming with Python, Go, Scala, or Java
• At least 1 year of experience with HPCs, vector embedding, or semantic search technologies
• At least 1 years of experience building, scaling, and optimizing training or inferencing systems for deep neural networks

Preferred Qualifications:
• Master's or Doctoral degree in Computer science, Computer Engineering, Electrical engineering, Mathematics, or a similar field.
• Background in machine learning with experience in large scale training and deployment of deep neural nets and/or transformer architectures.
• Experience with machine learning frameworks such as TensorFlow or Pytorch, Lightning, Mosaic ML etc.
• Ability to move fast in an environment with ambiguity at times, and with competing priorities and deadlines.
• Experience at tech and product-driven companies/startups preferred.
• Ability to iterate rapidly with researchers and engineers to improve a product experience while building the foundational capabilities.
• Familiarity with deploying large neural network models in demanding production environments.
• Experience with building GPU clusters in the public cloud with tightly-coupled storage and networking.

At this time, Capital One will not sponsor a new applicant for employment authorization for this position.

The minimum and maximum full-time annual salaries for this role are listed below, by location. Please note that this salary information is solely for candidates hired to perform work within one of these locations, and refers to the amount Capital One is willing to pay at the time of this posting. Salaries for part-time roles will be prorated based upon the agreed upon number of hours to be regularly worked.
New York City (Hybrid On-Site): $201,400 - $229,900 for Lead Machine Learning Engineer San Francisco, California (Hybrid On-Site): $213,400 - $243,500 for Lead Machine Learning Engineer Remote (Regardless of Location): $170,700 - $194,800 for Lead Machine Learning Engineer

Candidates hired to work in other locations will be subject to the pay range associated with that location, and the actual annualized salary amount offered to any candidate at the time of hire will be reflected solely in the candidate’s offer letter.
This role is also eligible to earn performance based incentive compensation, which may include cash bonus(es) and/or long term incentives (LTI). Incentives could be discretionary or non discretionary depending on the plan.

Capital One offers a comprehensive, competitive, and inclusive set of health, financial and other benefits that support your total well-being. Learn more at the Capital One Careers website. Eligibility varies based on full or part-time status, exempt or non-exempt status, and management level.
This role is expected to accept applications for a minimum of 5 business days. No agencies please. Capital One is an equal opportunity employer committed to diversity and inclusion in the workplace. All qualified applicants will receive consideration for employment without regard to sex (including pregnancy, childbirth or related medical conditions), race, color, age, national origin, religion, disability, genetic information, marital status, sexual orientation, gender identity, gender reassignment, citizenship, immigration status, protected veteran status, or any other basis prohibited under applicable federal, state or local law. Capital One promotes a drug-free workplace. Capital One will consider for employment qualified applicants with a criminal history in a manner consistent with the requirements of applicable laws regarding criminal background inquiries, including, to the extent applicable, Article 23-A of the New York Correction Law; San Francisco, California Police Code Article 49, Sections 4901-4920; New York City’s Fair Chance Act; Philadelphia’s Fair Criminal Records Screening Act; and other applicable federal, state, and local laws and regulations regarding criminal background inquiries.

If you have visited our website in search of information on employment opportunities or to apply for a position, and you require an accommodation, please contact Capital One Recruiting at 1-800-304-9102 or via email at RecruitingAccommodation@capitalone.com. All information you provide will be kept confidential and will be used only to the extent required to provide needed reasonable accommodations.

For technical support or questions about Capital One's recruiting process, please send an email to Careers@capitalone.com

Capital One does not provide, endorse nor guarantee and is not liable for third-party products, services, educational tools or other information available through this site.

Capital One Financial is made up of several different entities. Please note that any position posted in Canada is for Capital One Canada, any position posted in the United Kingdom is for Capital One Europe and any position posted in the Philippines is for Capital One Philippines Service Corp. (COPSSC).",False,Novato,CA,38.107418,-122.5697,['health_insurance'],"{'no_experience_required': False, 'required_experience_in_months': 72, 'experience_mentioned': True, 'experience_preferred': True}",,"{'postgraduate_degree': False, 'professional_certification': False, 'high_school': False, 'associates_degree': False, 'bachelors_degree': False, 'degree_mentioned': True, 'degree_preferred': True, 'professional_certification_mentioned': False}",False,"{'Qualifications': [""Bachelor's degree in Computer Science, Computer Engineering or a technical field"", 'At least 6 years of experience designing and building data-intensive solutions using distributed computing', 'At least 6 years of experience programming with Python, Go, Scala, or Java', 'At least 1 year of experience with HPCs, vector embedding, or semantic search technologies', 'At least 1 years of experience building, scaling, and optimizing training or inferencing systems for deep neural networks'], 'Responsibilities': ['Deploy a thousand-node training cluster optimizing storage and networking stack, with tightly coupled training pipelines to take advantage of multiple parallelism strategies, in our public cloud', 'Design and build fault-tolerant infrastructure to support long-running large-scale training tasks reliably despite failure of individual nodes, using containers and check-pointing libraries', 'Design and build run-time infrastructure for serving large ML models such as LLMs and FMs in our public cloud', 'Build infrastructure for deploying search indexes and embeddings in vector databases that will work closely with the rest of our capabilities'], 'Benefits': ['Salaries for part-time roles will be prorated based upon the agreed upon number of hours to be regularly worked', 'New York City (Hybrid On-Site): $201,400 - $229,900 for Lead Machine Learning Engineer San Francisco, California (Hybrid On-Site): $213,400 - $243,500 for Lead Machine Learning Engineer Remote (Regardless of Location): $170,700 - $194,800 for Lead Machine Learning Engineer', 'Candidates hired to work in other locations will be subject to the pay range associated with that location, and the actual annualized salary amount offered to any candidate at the time of hire will be reflected solely in the candidate’s offer letter', 'This role is also eligible to earn performance based incentive compensation, which may include cash bonus(es) and/or long term incentives (LTI)', 'Incentives could be discretionary or non discretionary depending on the plan', 'Capital One offers a comprehensive, competitive, and inclusive set of health, financial and other benefits that support your total well-being']}","Novato, CA","Lead Generative AI Infrastructure Engineer|Novato, CA|Capital One",False,72.0,True,True,6.0,False
Senior Machine Learning Engineer,GrabaJobs - Land Your Next Role Faster,https://encrypted-tbn0.gstatic.com/images?q=tbn:ANd9GcSEJ4BTpCT153yKGojqN12x9M5CQ7wtcGb-E1h_&s=0,,,LinkedIn,FULLTIME,https://www.linkedin.com/jobs/view/senior-machine-learning-engineer-at-grabajobs-land-your-next-role-faster-3957335250,"This is a remote position.

Senior Machine Learning Engineer

About Us: GrabaJobs helps engineers like you land job offers with maximum compensations and benefits by sending tailored job applications and cover letters to fortune 500 and FAANG companies.

Job descriptions:

As a senior Machine Learning Engineer at our clients company, you will be contributing to a critical component of the company’s roadmap.
• Your primary responsibilities will be to own end to end ML projects. A key component of your work will be to scope out and build whatever is the best-possible ML solution (high performance, low cost, low latency) to green-field problems. This includes scoping out the ML use case, designing and curating appropriate datasets, shortlisting algorithms, training models (including finetuning), experimentation, evaluation and deployment.
• You’ll build general solutions to improve the reliability and robustness of LLMs, as well as industry specific solutions focusing on finance, healthcare, etc. You’ll work closely with customers on understanding their problems.
• You’ll think about the best way to generalize your work and build abstractions to improve ML and experimentation infrastructure.

About You
• You have a minimum 3 years of experience building Machine Learning models in production settings. Your role is not just the research and experimentation in order to build a SoTA model, but also to ship the product to a production environment.
• You’re excited about being cross-functional and owning the lifecycle of building ML solutions — from model development to deployment.
• You’re extremely comfortable with Python, sklearn, numpy and a deep learning framework such as Pytorch / Keras / Tensorflow.
• You stay up-to-date with the latest research in your area of interest in ML. You’re comfortable reading research papers, figuring out what the key ideas from the paper are and reproducing the results in a production environment.
• You’ve previously worked with deep learning systems on unstructured data such as text, images, LiDAR, etc.
• You’re really excited about Large Language Models, and excited about building applications that leverage LLMs for solving problems.
• You enjoy fast-paced environments, and exhibit a high degree of ownership and self-sufficiency. Unstructured environments are exciting to you because they represent opportunities for growth and leadership.

ML Stack
• Python
• Pytorch
• Hugging Face transformers
• Numpy
• Sklearn
• Pandas
• Ray

Benefits:
• Flexible work schedule- fully remote
• Competitive salary
• Bonus + Equity stock option
• Healthcare/vision/dental 100% coverage
• Learning and development resources
• 401k
• Unlimited PTO
• Fully Remote and flexible working environment
• Care for employees' financial, physical, and mental health

DISCLAIMER: This job posting is intended for active pooling of candidates who will become part of our talent pool. Your qualifications will be assessed against both current and future opportunities. If your application aligns with a role that corresponds to your skills and experience, and an opportunity arises, our recruitment team will reach out to you immediately.",True,Los Angeles,CA,34.05491,-118.242645,"['retirement_savings', 'paid_time_off', 'health_insurance', 'dental_coverage']","{'no_experience_required': False, 'required_experience_in_months': 36, 'experience_mentioned': True, 'experience_preferred': False}",,"{'postgraduate_degree': False, 'professional_certification': False, 'high_school': False, 'associates_degree': False, 'bachelors_degree': True, 'degree_mentioned': False, 'degree_preferred': False, 'professional_certification_mentioned': False}",False,"{'Qualifications': ['You have a minimum 3 years of experience building Machine Learning models in production settings', 'You’ve previously worked with deep learning systems on unstructured data such as text, images, LiDAR, etc', 'You’re really excited about Large Language Models, and excited about building applications that leverage LLMs for solving problems', 'You enjoy fast-paced environments, and exhibit a high degree of ownership and self-sufficiency'], 'Responsibilities': ['As a senior Machine Learning Engineer at our clients company, you will be contributing to a critical component of the company’s roadmap', 'Your primary responsibilities will be to own end to end ML projects', 'A key component of your work will be to scope out and build whatever is the best-possible ML solution (high performance, low cost, low latency) to green-field problems', 'This includes scoping out the ML use case, designing and curating appropriate datasets, shortlisting algorithms, training models (including finetuning), experimentation, evaluation and deployment', 'You’ll build general solutions to improve the reliability and robustness of LLMs, as well as industry specific solutions focusing on finance, healthcare, etc', 'You’ll work closely with customers on understanding their problems', 'You’ll think about the best way to generalize your work and build abstractions to improve ML and experimentation infrastructure', 'You’re excited about being cross-functional and owning the lifecycle of building ML solutions — from model development to deployment'], 'Benefits': ['Flexible work schedule- fully remote', 'Competitive salary', 'Bonus + Equity stock option', 'Healthcare/vision/dental 100% coverage', 'Learning and development resources', '401k', 'Unlimited PTO', ""Care for employees' financial, physical, and mental health""]}","Los Angeles, CA","Senior Machine Learning Engineer|Los Angeles, CA|GrabaJobs - Land Your Next Role Faster",False,36.0,True,False,3.0,False
Machine Learning Engineer/AI Engineer,Diverse Lynx,https://prod-file-upload-store.s3.amazonaws.com/0XyiwpDMSTG5Piomqn0K_6460b6f687080e26f1c0ba43f0fbc060.jpg,http://www.diverselynx.com,,Hire Currently,FULLTIME,https://hirecurrently.com/viewjob/o1xfqu56uidr-b5327e7167-94d5d1b49fdc515b291e40,"Machine Learning Engineer/AI Engineer Digital : Artificial Intelligence(AI), Digital : Azure Machine Learning (Client) Machine Learning Engineer/AI Engineer
R Python Data Science Experience Must
Azure Client Experience Must
NLP experience prefered
Diverse Lynx LLC is an Equal Employment Opportunity employer. All qualified applicants will receive due consideration for employment without any discrimination. All applicants will be evaluated solely on the basis of their ability, competence and their proven capability to perform the functions outlined in the corresponding role. We promote and support a diverse workforce across all levels in the company.",False,Alameda,CA,37.779873,-122.28219,,"{'no_experience_required': False, 'required_experience_in_months': None, 'experience_mentioned': True, 'experience_preferred': False}",,"{'postgraduate_degree': False, 'professional_certification': False, 'high_school': False, 'associates_degree': False, 'bachelors_degree': False, 'degree_mentioned': False, 'degree_preferred': False, 'professional_certification_mentioned': False}",False,"{'Qualifications': ['R Python Data Science Experience Must', 'Azure Client Experience Must', 'NLP experience prefered']}","Alameda, CA","Machine Learning Engineer/AI Engineer|Alameda, CA|Diverse Lynx",False,,True,False,0.0,False
Scientist - Cheminformatics (Machine Learning/AI),Bristol Myers Squibb,https://www.bms.com/assets/bms/us/en-us/images/bms-logo-social-default-card.jpg,http://www.bms.com,Manufacturing,Prime Job Link,FULLTIME,https://primejoblink.com/jobslistings/jnobof6lb91e-8ac952-1788b-adfd79f5e7-d1410a001ea,"Working with Us
Challenging. Meaningful. Life-changing. Those aren't words that are usually associated with a job. But working at Bristol Myers Squibb is anything but usual. Here, uniquely interesting work happens every day, in every department. From optimizing a production line to the latest breakthroughs in cell therapy, this is work that transforms the lives of patients, and the careers of those who do it. You'll get the chance to grow and thrive through opportunities uncommon in scale and scope, alongside high-achieving teams rich in diversity. Take your career farther than you thought possible.

Bristol Myers Squibb recognizes the importance of balance and flexibility in our work environment. We offer a wide variety of competitive benefits, services and programs that provide our employees with the resources to pursue their goals, both at work and in their personal lives. Read more: careers.bms.com/working-with-us .

When you join BMS, you are joining a diverse, high-achieving team united by a common mission.

Bristol Myers Squibb encompasses a broad range of disciplines to enable a robust pipeline of drug candidates aimed at serious diseases. Chemistry is a core capability in Small Molecule & Drug Discovery with innovative scientists working in medicinal chemistry, radiochemistry, analytical chemistry, and large-scale synthesis. Within SMDD our Lead Discovery and Optimization (LDO) team is responsible for high throughput screening, compound storage and distribution, primary assays to support discovery programs, and compound profiling to explore drug liabilities in vitro. LDO scientists discover and adopt cutting edge assay technologies that utilize state-of-the-art automation to drive speed and efficiency. Our Molecular Structure and Design team embraces novel approaches to computer-aided drug design, machine learning, and structural biology. The integration of these disciplines provides a seamless and highly interactive environment for discovery scientists to learn, develop, and innovate. Working in partnership with our disease area experts in the Thematic Research Centers provides an exciting pathway to discover and deliver medicines to patients in need.

The Cheminformatics team within Bristol Myers Squibb is seeking an exceptional scientist with an interest in the use of artificial intelligence and machine learning for molecular design. In this role, the selected candidate will use cutting edge techniques to accelerate the drug discovery process from hit identification through candidate nomination and will actively participate directly on therapeutic projects.

The scientist must have a broad knowledge of modern data science methods with an emphasis on machine learning to advance multi-objective molecular design efforts. We are looking for expertise in generative molecular design with applications to therapeutic projects. The successful candidate must have a sufficient understanding of chemistry and the ability to communicate with collaborative scientists from a broad array of backgrounds. Key objectives for this position will be to identify and use machine learning methods to drive chemical structure optimization within the context of therapeutic projects, and to enable other scientists within the team to benefit from those tools and methods in their projects.

The selected candidate will join a research team with a track record of pipeline impact across modalities and across therapeutic areas. This is an exciting opportunity as we combine the best of physics-based modeling with data analytics and machine learning to accelerate drug discovery and bring benefit to patients.

Basic Qualifications:

Bachelor's Degree with 5+ years of academic / industry experience

Or

Master's Degree with 3+ years of academic / industry experience

Or

Ph.D. and no experience required

Preferred Qualifications:

Ph.D. with 0- 2+ years of relevant fields with a focus in Artificial Intelligence or Machine Learning development and applications to molecular design. Postdoctoral or industry experience a plus.

Experience in machine learning or artificial intelligence work is critical, with cheminformatics, computational chemistry, and/or molecular modeling experience a plus.

Proficiency in programming and scripting languages such as Python, C/C++, and/or R etc.

Expertise in a subset of machine learning and cheminformatics libraries, such as TensorFlow, Kera's, PyTorch, Pandas, Scikit-Learn, DeepChem, RDKit or OEchem is essential.

Sensitive to data. Critical assessment of experimental data and combinations of different data sets. Incorporate data knowledge into development and application of suitable machine learning algorithms to produce meaningful predictive models.

This position will be operating in a multidisciplinary environment and a willingness to collaborate across functional teams is essential.

An aptitude and desire to learn and apply new techniques is expected as well as personal attributes of integrity, creativity, problem solving, and a strong work ethic.

Excellent communication skills are a must.

Track record of publications on peer-reviewed scientific journals.

For California Sites - The starting compensation for this job is a range from $97,000 - $135,300, plus incentive cash and stock opportunities (based on eligibility). The starting pay takes into account characteristics of the job, such as required skills and where the job is performed. Final, individual compensation is decided based on demonstrated experience. For more on benefits, please visit our BMS Careers site. Eligibility for specific benefits listed in our careers site may vary based on the job and location.

If you come across a role that intrigues you but doesn't perfectly line up with your resume, we encourage you to apply anyway. You could be one step away from work that will transform your life and career.

Uniquely Interesting Work, Life-changing Careers
With a single vision as inspiring as Transforming patients' lives through science™ , every BMS employee plays an integral role in work that goes far beyond ordinary. Each of us is empowered to apply our individual talents and unique perspectives in an inclusive culture, promoting diversity in clinical trials, while our shared values of passion, innovation, urgency, accountability, inclusion and integrity bring out the highest potential of each of our colleagues.

On-site Protocol

BMS has a diverse occupancy structure that determines where an employee is required to conduct their work. This structure includes site-essential, site-by-design, field-based and remote-by-design jobs. The occupancy type that you are assigned is determined by the nature and responsibilities of your role:

Site-essential roles require 100% of shifts onsite at your assigned facility. Site-by-design roles may be eligible for a hybrid work model with at least 50% onsite at your assigned facility. For these roles, onsite presence is considered an essential job function and is critical to collaboration, innovation, productivity, and a positive Company culture. For field-based and remote-by-design roles the ability to physically travel to visit customers, patients or business partners and to attend meetings on behalf of BMS as directed is an essential job function.

BMS is dedicated to ensuring that people with disabilities can excel through a transparent recruitment process, reasonable workplace accommodations/adjustments and ongoing support in their roles. Applicants can request a reasonable workplace accommodation/adjustment prior to accepting a job offer. If you require reasonable accommodations/adjustments in completing this application, or in any part of the recruitment process, direct your inquiries to adastaffingsupport@bms.com . Visit careers.bms.com/ eeo -accessibility to access our complete Equal Employment Opportunity statement.

BMS cares about your well-being and the well-being of our staff, customers, patients, and communities. As a result, the Company strongly recommends that all employees be fully vaccinated for Covid-19 and keep up to date with Covid-19 boosters.

BMS will consider for employment qualified applicants with arrest and conviction records, pursuant to applicable laws in your area.

Any data processed in connection with role applications will be treated in accordance with applicable data privacy policies and regulations.",False,National City,CA,32.67811,-117.0992,,"{'no_experience_required': True, 'required_experience_in_months': 60, 'experience_mentioned': True, 'experience_preferred': True}",,"{'postgraduate_degree': False, 'professional_certification': False, 'high_school': False, 'associates_degree': False, 'bachelors_degree': False, 'degree_mentioned': True, 'degree_preferred': False, 'professional_certification_mentioned': False}",False,"{'Qualifications': ['The scientist must have a broad knowledge of modern data science methods with an emphasis on machine learning to advance multi-objective molecular design efforts', 'We are looking for expertise in generative molecular design with applications to therapeutic projects', 'The successful candidate must have a sufficient understanding of chemistry and the ability to communicate with collaborative scientists from a broad array of backgrounds', ""Bachelor's Degree with 5+ years of academic / industry experience"", ""Master's Degree with 3+ years of academic / industry experience"", 'Ph.D. and no experience required', 'Ph.D. with 0- 2+ years of relevant fields with a focus in Artificial Intelligence or Machine Learning development and applications to molecular design', 'Proficiency in programming and scripting languages such as Python, C/C++, and/or R etc', ""Expertise in a subset of machine learning and cheminformatics libraries, such as TensorFlow, Kera's, PyTorch, Pandas, Scikit-Learn, DeepChem, RDKit or OEchem is essential"", 'Sensitive to data', 'An aptitude and desire to learn and apply new techniques is expected as well as personal attributes of integrity, creativity, problem solving, and a strong work ethic', 'Excellent communication skills are a must'], 'Responsibilities': ['Key objectives for this position will be to identify and use machine learning methods to drive chemical structure optimization within the context of therapeutic projects, and to enable other scientists within the team to benefit from those tools and methods in their projects', 'Incorporate data knowledge into development and application of suitable machine learning algorithms to produce meaningful predictive models', 'For field-based and remote-by-design roles the ability to physically travel to visit customers, patients or business partners and to attend meetings on behalf of BMS as directed is an essential job function'], 'Benefits': ['For California Sites - The starting compensation for this job is a range from $97,000 - $135,300, plus incentive cash and stock opportunities (based on eligibility)']}","National City, CA","Scientist - Cheminformatics (Machine Learning/AI)|National City, CA|Bristol Myers Squibb",True,60.0,True,True,5.0,False
Senior Manager - Generative AI Product Engineering,Capital One,https://www.capitalone.com/assets/shell/apple-touch-icon.png,http://www.capitalone.com,Finance,Aspire Hire Zone,FULLTIME,https://aspirehirezone.com/viewcareers/5dcdill7eo0y-bca-b1723bf0-299e9a60e38173bdcf02d,"Center 3 (19075), United States of America, McLean, VirginiaSenior Manager, Generative AI Product Engineering - People Leader - (Remote Eligible)

Our mission at Capital One is to create trustworthy, reliable and human-in-the-loop AI systems, changing banking for good. For years, Capital One has been leading the industry in using machine learning to create real-time, intelligent, automated customer experiences. From informing customers about unusual charges to answering their questions in real time, our applications of AI & ML are bringing humanity and simplicity to banking. Because of our investments in public cloud infrastructure and machine learning platforms, we are now uniquely positioned to harness the power of AI. We are committed to building world-class applied science and engineering teams and continue our industry leading capabilities with breakthrough product experiences and scalable, high-performance AI infrastructure. At Capital One, you will help bring the transformative power of emerging AI capabilities, to reimagine how we serve our customers and businesses who have come to love the products and services we build.

We are looking for an experienced Sr. Manager to help build and maintain APIs and SDKs to train, fine-tune and access AI models at scale. You will work as part of our Enterprise AI team and build systems that will enable our users to work with Large-Language Models (LLMs) and Foundation Models (FMs), using our public cloud infrastructure. You will work with a team of world-class AI engineers and researchers to design and implement key API products and services of our capabilities and enable real-time customer-facing applications powered by these capabilities. Examples of projects you will work on include:
• Architect, build and deploy well-managed core APIs and SDKs to access LLMs and our proprietary FMs including training, fine-tuning and prompting tasks, including orchestration SDKs.
• Design APIs for performance, real-time applications, scale, ease of use and governance automation.
• Develop application-specific interfaces that leverage LLMs and FMs to continue to enhance the associate and customer experience..
• Enable our users to build new AI capabilities
• Develop tools and processes to monitor API access patterns and operational health.
• Design and implement AI safety and guardrails in the API layer working closely with researchers.

Capital One is open to hiring a Remote Employee for this opportunity

Basic Qualifications:
• Bachelor’s degree in Computer Science, Computer Engineering or a technical field.
• At least 8 years of experience programming with Python, Go, Scala, or C/C++
• At least 5 years of experience designing and building and deploying ML applications.
• At least 2 years of experience mentoring and leading teams developing AI and Machine Learning solutions
• At least 4 years of people management experience.

Preferred Qualifications:
• Familiarity with building large-scale AI products or platforms for NLP, speech, computer vision, or recommendation systems serving millions of users.
• Ability to move fast in an environment with ambiguity at times, and with competing priorities and deadlines. Experience at tech and product-driven companies/startups preferred.
• Ability to iterate rapidly with researchers and engineers to improve a product experience while building the foundational capabilities
• Familiarity with deploying large neural network models in demanding production environments.
• Have experience with API security, observability, cloud access control and privacy best practices.

Capital One will consider sponsoring a new qualified applicant for employment authorization for this position.

The minimum and maximum full-time annual salaries for this role are listed below, by location. Please note that this salary information is solely for candidates hired to perform work within one of these locations, and refers to the amount Capital One is willing to pay at the time of this posting. Salaries for part-time roles will be prorated based upon the agreed upon number of hours to be regularly worked.
New York City (Hybrid On-Site): $234,700 - $267,900 for Sr. Mgr, Machine Learning EngineeringSan Francisco, California (Hybrid On-Site): $248,700 - $283,800 for Sr. Mgr, Machine Learning EngineeringRemote (Regardless of Location): $198,900 - $227,000 for Sr. Mgr, Machine Learning Engineering

Candidates hired to work in other locations will be subject to the pay range associated with that location, and the actual annualized salary amount offered to any candidate at the time of hire will be reflected solely in the candidate’s offer letter.
This role is also eligible to earn performance based incentive compensation, which may include cash bonus(es) and/or long term incentives (LTI). Incentives could be discretionary or non discretionary depending on the plan.

Capital One offers a comprehensive, competitive, and inclusive set of health, financial and other benefits that support your total well-being. Learn more at theCapital One Careers website. Eligibility varies based on full or part-time status, exempt or non-exempt status, and management level.

This role is expected to accept applications for a minimum of 5 business days.No agencies please. Capital One is an equal opportunity employer committed to diversity and inclusion in the workplace. All qualified applicants will receive consideration for employment without regard to sex (including pregnancy, childbirth or related medical conditions), race, color, age, national origin, religion, disability, genetic information, marital status, sexual orientation, gender identity, gender reassignment, citizenship, immigration status, protected veteran status, or any other basis prohibited under applicable federal, state or local law. Capital One promotes a drug-free workplace. Capital One will consider for employment qualified applicants with a criminal history in a manner consistent with the requirements of applicable laws regarding criminal background inquiries, including, to the extent applicable, Article 23-A of the New York Correction Law; San Francisco, California Police Code Article 49, Sections 4901-4920; New York City’s Fair Chance Act; Philadelphia’s Fair Criminal Records Screening Act; and other applicable federal, state, and local laws and regulations regarding criminal background inquiries.

If you have visited our website in search of information on employment opportunities or to apply for a position, and you require an accommodation, please contact Capital One Recruiting at 1-800-304-9102 or via email at RecruitingAccommodation@capitalone.com. All information you provide will be kept confidential and will be used only to the extent required to provide needed reasonable accommodations.

For technical support or questions about Capital One's recruiting process, please send an email to Careers@capitalone.com

Capital One does not provide, endorse nor guarantee and is not liable for third-party products, services, educational tools or other information available through this site.

Capital One Financial is made up of several different entities. Please note that any position posted in Canada is for Capital One Canada, any position posted in the United Kingdom is for Capital One Europe and any position posted in the Philippines is for Capital One Philippines Service Corp. (COPSSC).",False,Pinole,CA,38.004368,-122.29886,['health_insurance'],"{'no_experience_required': False, 'required_experience_in_months': 96, 'experience_mentioned': True, 'experience_preferred': True}",,"{'postgraduate_degree': False, 'professional_certification': False, 'high_school': False, 'associates_degree': False, 'bachelors_degree': False, 'degree_mentioned': True, 'degree_preferred': True, 'professional_certification_mentioned': False}",False,"{'Qualifications': ['Bachelor’s degree in Computer Science, Computer Engineering or a technical field', 'At least 8 years of experience programming with Python, Go, Scala, or C/C++', 'At least 5 years of experience designing and building and deploying ML applications', 'At least 2 years of experience mentoring and leading teams developing AI and Machine Learning solutions', 'At least 4 years of people management experience'], 'Responsibilities': ['Manager to help build and maintain APIs and SDKs to train, fine-tune and access AI models at scale', 'You will work as part of our Enterprise AI team and build systems that will enable our users to work with Large-Language Models (LLMs) and Foundation Models (FMs), using our public cloud infrastructure', 'You will work with a team of world-class AI engineers and researchers to design and implement key API products and services of our capabilities and enable real-time customer-facing applications powered by these capabilities', 'Architect, build and deploy well-managed core APIs and SDKs to access LLMs and our proprietary FMs including training, fine-tuning and prompting tasks, including orchestration SDKs', 'Design APIs for performance, real-time applications, scale, ease of use and governance automation', 'Develop application-specific interfaces that leverage LLMs and FMs to continue to enhance the associate and customer experience.', 'Enable our users to build new AI capabilities', 'Develop tools and processes to monitor API access patterns and operational health', 'Design and implement AI safety and guardrails in the API layer working closely with researchers'], 'Benefits': ['Salaries for part-time roles will be prorated based upon the agreed upon number of hours to be regularly worked', 'Candidates hired to work in other locations will be subject to the pay range associated with that location, and the actual annualized salary amount offered to any candidate at the time of hire will be reflected solely in the candidate’s offer letter', 'This role is also eligible to earn performance based incentive compensation, which may include cash bonus(es) and/or long term incentives (LTI)', 'Incentives could be discretionary or non discretionary depending on the plan', 'Capital One offers a comprehensive, competitive, and inclusive set of health, financial and other benefits that support your total well-being']}","Pinole, CA","Senior Manager - Generative AI Product Engineering|Pinole, CA|Capital One",False,96.0,True,True,8.0,False
Distinguished Engineer - Generative AI Systems,Capital One,https://www.capitalone.com/assets/shell/apple-touch-icon.png,http://www.capitalone.com,Finance,Aspire Hire Zone,FULLTIME,https://aspirehirezone.com/viewcareers/4unf96ypaqia-4d474d-4889d3c94c64a31-6fc4f95cc80,"Locations: VA - McLean, United States of America, McLean, VirginiaSr Distinguished Engineer, Generative AI Systems - (Remote- Eligible)

Sr Distinguished Engineer, Generative AI Systems

Our mission at Capital One is to create trustworthy, reliable and human-in-the-loop AI systems, changing banking for good. For years, Capital One has been leading the industry in using machine learning to create real-time, intelligent, automated customer experiences. From informing customers about unusual charges to answering their questions in real time, our applications of AI & ML are bringing humanity and simplicity to banking. Because of our investments in public cloud infrastructure and machine learning platforms, we are now uniquely positioned to harness the power of AI. We are committed to building world-class applied science and engineering teams and continue our industry leading capabilities with breakthrough product experiences and scalable, high-performance AI infrastructure. At Capital One, you will help bring the transformative power of emerging AI capabilities to reimagine how we serve our customers and businesses who have come to love the products and services we build.

We are looking for an experienced Senior Distinguished Engineer, AI Systems, to help us build the foundations of our enterprise AI Capabilities. You will work on a wide range of initiatives, whether that’s designing robust, secure infrastructure, building large-scale distributed training clusters, deploying LLMs on GPU instances for real-time use cases, or supporting cutting-edge AI research and development, all in our public cloud infrastructure. You will work with a team of AI engineers and researchers to envision the target state of our capabilities while helping to design and implement key services. Examples of projects you will work on include:
• Design and build fault-tolerant infrastructure to support long-running large-scale training tasks reliably despite failure of individual nodes, using containers and check-pointing libraries.
• Design and build infrastructure for serving large ML models, in our public cloud.
• Deploy a thousand-node training cluster optimizing storage and networking stack, with tightly coupled training pipelines to take advantage of multiple parallelism strategies, in our public cloud.
• Design and implement benchmarks to measure the performance of software systems within AI capabilities and make recommendations on technology selection
• Develop applications that leverage LLMs and FMs.
• Design and implement capabilities to support MLOps for foundation models.

Capital One is open to hiring a Remote Employee for this opportunity

Basic Qualifications:
• Bachelor's degree in Computer Science, Computer Engineering or a technical field
• At least 9 years of experience designing and building distributed computing HPC and large-scale ML systems
• At least 6 years of experience developing AI and ML algorithms in Python or C/C++
• At least 3 years of experience with the full ML development lifecycle using AI and ML frameworks and public cloud.

Preferred Qualifications:
• Master’s degree or PhD in Engineering, Computer Science, a related technical field, or equivalent practical experience with a focus on modern AI techniques.
• Experience designing large-scale distributed platforms and/or systems in cloud environments such as AWS, Azure, or GCP.
• Experience architecting cloud systems for security, availability, performance, scalability, and cost.
• Experience with delivering very large models through the MLOps life cycle from exploration to serving.
• Experience with building GPU clusters in the public cloud with tightly-coupled storage and networking.
• Experience with the complete stack for distributed training of large models including ML compilers, distributed training frameworks, and ML development frameworks such as Pytorch, Tensorflow, Lightning etc.
• Experience with one or multiple areas of AI technology stack including prompt engineering, guardrails, vector databases/knowledge bases, LLM hosting and fine-tuning.
• Authored research publications in top peer-reviewed conferences, or industry-recognized contributions in the space of neural networks, distributed training and SysML.

Capital One will consider sponsoring a new qualified applicant for employment authorization for this position.

The minimum and maximum full-time annual salaries for this role are listed below, by location. Please note that this salary information is solely for candidates hired to perform work within one of these locations, and refers to the amount Capital One is willing to pay at the time of this posting. Salaries for part-time roles will be prorated based upon the agreed upon number of hours to be regularly worked.
New York City (Hybrid On-Site): $321,500 - $366,900 for Sr Distinguished Machine Learning EngineerSan Francisco, California (Hybrid On-Site): $340,500 - $388,700 for Sr Distinguished Machine Learning EngineerRemote (Regardless of Location): $272,400 - $310,900 for Sr Distinguished Machine Learning Engineer

Candidates hired to work in other locations will be subject to the pay range associated with that location, and the actual annualized salary amount offered to any candidate at the time of hire will be reflected solely in the candidate’s offer letter.
This role is also eligible to earn performance based incentive compensation, which may include cash bonus(es) and/or long term incentives (LTI). Incentives could be discretionary or non discretionary depending on the plan.

Capital One offers a comprehensive, competitive, and inclusive set of health, financial and other benefits that support your total well-being. Learn more at theCapital One Careers website. Eligibility varies based on full or part-time status, exempt or non-exempt status, and management level.

This role is expected to accept applications for a minimum of 5 business days.No agencies please. Capital One is an equal opportunity employer committed to diversity and inclusion in the workplace. All qualified applicants will receive consideration for employment without regard to sex (including pregnancy, childbirth or related medical conditions), race, color, age, national origin, religion, disability, genetic information, marital status, sexual orientation, gender identity, gender reassignment, citizenship, immigration status, protected veteran status, or any other basis prohibited under applicable federal, state or local law. Capital One promotes a drug-free workplace. Capital One will consider for employment qualified applicants with a criminal history in a manner consistent with the requirements of applicable laws regarding criminal background inquiries, including, to the extent applicable, Article 23-A of the New York Correction Law; San Francisco, California Police Code Article 49, Sections 4901-4920; New York City’s Fair Chance Act; Philadelphia’s Fair Criminal Records Screening Act; and other applicable federal, state, and local laws and regulations regarding criminal background inquiries.

If you have visited our website in search of information on employment opportunities or to apply for a position, and you require an accommodation, please contact Capital One Recruiting at 1-800-304-9102 or via email at RecruitingAccommodation@capitalone.com. All information you provide will be kept confidential and will be used only to the extent required to provide needed reasonable accommodations.

For technical support or questions about Capital One's recruiting process, please send an email to Careers@capitalone.com

Capital One does not provide, endorse nor guarantee and is not liable for third-party products, services, educational tools or other information available through this site.

Capital One Financial is made up of several different entities. Please note that any position posted in Canada is for Capital One Canada, any position posted in the United Kingdom is for Capital One Europe and any position posted in the Philippines is for Capital One Philippines Service Corp. (COPSSC).",False,Belvedere,CA,37.872704,-122.46442,['health_insurance'],"{'no_experience_required': False, 'required_experience_in_months': 108, 'experience_mentioned': True, 'experience_preferred': False}",,"{'postgraduate_degree': False, 'professional_certification': False, 'high_school': False, 'associates_degree': False, 'bachelors_degree': False, 'degree_mentioned': True, 'degree_preferred': True, 'professional_certification_mentioned': False}",False,"{'Qualifications': [""Bachelor's degree in Computer Science, Computer Engineering or a technical field"", 'At least 9 years of experience designing and building distributed computing HPC and large-scale ML systems', 'At least 6 years of experience developing AI and ML algorithms in Python or C/C++', 'At least 3 years of experience with the full ML development lifecycle using AI and ML frameworks and public cloud'], 'Responsibilities': ['You will work with a team of AI engineers and researchers to envision the target state of our capabilities while helping to design and implement key services', 'Design and build fault-tolerant infrastructure to support long-running large-scale training tasks reliably despite failure of individual nodes, using containers and check-pointing libraries', 'Design and build infrastructure for serving large ML models, in our public cloud', 'Deploy a thousand-node training cluster optimizing storage and networking stack, with tightly coupled training pipelines to take advantage of multiple parallelism strategies, in our public cloud', 'Design and implement benchmarks to measure the performance of software systems within AI capabilities and make recommendations on technology selection', 'Develop applications that leverage LLMs and FMs', 'Design and implement capabilities to support MLOps for foundation models'], 'Benefits': ['Salaries for part-time roles will be prorated based upon the agreed upon number of hours to be regularly worked', 'New York City (Hybrid On-Site): $321,500 - $366,900 for Sr Distinguished Machine Learning EngineerSan Francisco, California (Hybrid On-Site): $340,500 - $388,700 for Sr Distinguished Machine Learning EngineerRemote (Regardless of Location): $272,400 - $310,900 for Sr Distinguished Machine Learning Engineer', 'Candidates hired to work in other locations will be subject to the pay range associated with that location, and the actual annualized salary amount offered to any candidate at the time of hire will be reflected solely in the candidate’s offer letter', 'This role is also eligible to earn performance based incentive compensation, which may include cash bonus(es) and/or long term incentives (LTI)', 'Incentives could be discretionary or non discretionary depending on the plan', 'Capital One offers a comprehensive, competitive, and inclusive set of health, financial and other benefits that support your total well-being']}","Belvedere, CA","Distinguished Engineer - Generative AI Systems|Belvedere, CA|Capital One",False,108.0,True,False,9.0,False
Machine Learning Model Engineer,"Samsung Electronics America, Inc.",https://media.licdn.com/dms/image/C4D0BAQGAMic0n8G_5A/company-logo_200_200/0/1631308673780?e=2147483647&v=beta&t=Wl9UKQuv7gfjjJCJSEg0zwK6c-RTIH4e8Ys6DNcc7Sk,http://www.samsung.com,,ZipRecruiter,FULLTIME,"https://www.ziprecruiter.com/c/Samsung-Electronics-America,-Inc./Job/Machine-Learning-Model-Engineer/-in-Los-Angeles,CA?jid=01947b036bc42de0","Position Summary

Position Summary
Samsung Ads is an advanced advertising technology company in rapid growth that focuses on enabling brands to connect with Samsung TV audiences as they are exposed to digital media by using the industry's most comprehensive data to build the world's smartest advertising platform. Being part of an international company such as Samsung and doing business around the world means that we get to work on the most challenging projects with stakeholders and teams located around the globe.

We are proud to have built a world-class organization grounded in an entrepreneurial and collaborative spirit. Working at Samsung Ads offers one of the best environments in the industry to learn just how fast you can grow, how much you can achieve, and how good you can be. We thrive on problem-solving, breaking new ground, and enjoying every part of the journey.

Machine learning lies in the core of the advertising industry. This is no exception to Samsung Ads. At Samsung Ads, we are actively exploring the latest machine learning techniques to improve our existing systems and products and create new revenue streams. As a machine learning model engineer of the Samsung Ads Platform Intelligence (PI) team, you will have access to unique Samsung proprietary data to develop and deploy a wide spectrum of large-scale machine learning products with real-world impact. You will work closely with and be supported by a talented engineering team and top-notch researchers to work on exciting machine learning projects and state-of-the-art technologies. You will be welcomed by a unique learning culture and creative work atmosphere. This is an exciting and unique opportunity to get deeply involved in envisioning, designing and implementing cutting-edge machine learning products with a growing team.

Role and Responsibilities

Responsibilities
• Deliver production-grade machine learning solutions
• Design, develop and deploy scalable low-latency machine learning products
• Communicate with various stakeholders to understand business requirements, manage expectations and create effective roadmaps
• Closely work with machine learning platform and serving teams to deploy and streamline machine learning pipelines
• Optimize and scale up existing machine learning products
• Closely work with the MLOps team to ensure product health
• Closely work with external partners to introduce new machine learning features and tools
• Research the latest machine learning technologies and keep up-to-date with industry trends and developments
• Create quick prototypes and proof-of-concepts for new features
• Design and implement next-generation machine learning models with advanced technologies

Skills and Qualifications

Experience Requirements:
• Master's or PhD degree in Computer Science or related fields
• Minimum 2+ years of industry experience with a Master's or PhD degree in Computer Science or related fields such as Statistics, Data Science, Technology, Engineering and Mathematics
• Solid theoretical background in machine learning and/or data mining
• Rich hands-on experience with production-grade machine learning solutions
• Proficiency in mainstream ML libraries (e.g., TensorFlow, PyTorch, Spark ML, etc.)
• Experience with mainstream big data tools (e.g., MapReduce, Spark, Flink, Kafka, etc.)
• Extensive programming experience in Python, Go or other OOP languages
• Familiarity with data structures, algorithms and software engineering principles
• Proficiency in SQL and databases
• Strong communication and interpersonal skills to drive cross-functional partnerships

Preferred Experience Requirements:
• Publications in top relevant venues (e.g., TPAMI, NeurIPS, ICML, ICLR, KDD, WWW, AAAI, IJCAI, etc.)
• Basic knowledge about Amazon Web Services (AWS)
• Experience with the advertising industry and real-time bidding (RTB) ecosystem

CALIFORNIA AND NYC ONLY

Salary Range Pay Transparency: Compensation for this role, for candidates based in Mountain View, CA or New York, NY is expected to be between $185,000 and $225,000. Actual pay will be determined considering factors such as relevant skills and experience, and comparison to other employees in the role. Regular full-time employees (salaried or hourly) have access to benefits including: Medical, Dental, Vision, Life Insurance, 401(k), Employee Purchase Program, Tuition Assistance (after 6 months), Paid Time Off, Student Loan Program (after 6 months), Wellness Incentives, and many more.

#LI-JL3
• Please visit Samsung membership to see Privacy Policy, which defaults according to your location. You can change Country/Language at the bottom of the page. If you are European Economic Resident, please click here.

At Samsung, we believe that innovation and growth are driven by an inclusive culture and a diverse workforce. We aim to create a global team where everyone belongs and has equal opportunities, inspiring our talent to be their true selves. Together, we are building a better tomorrow for our customers, partners, and communities.
• Samsung Electronics America, Inc. and its subsidiaries are committed to employing a diverse workforce, and provide Equal Employment Opportunity for all individuals regardless of race, color, religion, gender, age, national origin, marital status, sexual orientation, gender identity, status as a protected veteran, genetic information, status as a qualified individual with a disability, or any other characteristic protected by law.

Reasonable Accommodations for Qualified Individuals with Disabilities During the Application Process

Samsung Electronics America is committed to providing reasonable accommodations for qualified individuals with disabilities in our job application process.If you have a disability and require a reasonable accommodation in order to participate in the application process, please contact our Reasonable Accommodation Team (855-557-3247) or SEA_Accommodations_Ext@sea.samsung.com for assistance. This number is for accommodation requests only and is not intended for general employment inquiries.",False,Los Angeles,CA,34.05491,-118.242645,"['retirement_savings', 'paid_time_off', 'health_insurance', 'dental_coverage']","{'no_experience_required': False, 'required_experience_in_months': 24, 'experience_mentioned': True, 'experience_preferred': False}",,"{'postgraduate_degree': False, 'professional_certification': False, 'high_school': False, 'associates_degree': False, 'bachelors_degree': False, 'degree_mentioned': True, 'degree_preferred': True, 'professional_certification_mentioned': False}",False,"{'Qualifications': [""Minimum 2+ years of industry experience with a Master's or PhD degree in Computer Science or related fields such as Statistics, Data Science, Technology, Engineering and Mathematics"", 'Solid theoretical background in machine learning and/or data mining', 'Rich hands-on experience with production-grade machine learning solutions', 'Proficiency in mainstream ML libraries (e.g., TensorFlow, PyTorch, Spark ML, etc.)', 'Experience with mainstream big data tools (e.g., MapReduce, Spark, Flink, Kafka, etc.)', 'Extensive programming experience in Python, Go or other OOP languages', 'Familiarity with data structures, algorithms and software engineering principles', 'Proficiency in SQL and databases', 'Strong communication and interpersonal skills to drive cross-functional partnerships'], 'Responsibilities': ['Deliver production-grade machine learning solutions', 'Design, develop and deploy scalable low-latency machine learning products', 'Communicate with various stakeholders to understand business requirements, manage expectations and create effective roadmaps', 'Closely work with machine learning platform and serving teams to deploy and streamline machine learning pipelines', 'Optimize and scale up existing machine learning products', 'Closely work with the MLOps team to ensure product health', 'Closely work with external partners to introduce new machine learning features and tools', 'Research the latest machine learning technologies and keep up-to-date with industry trends and developments', 'Create quick prototypes and proof-of-concepts for new features', 'Design and implement next-generation machine learning models with advanced technologies'], 'Benefits': ['Salary Range Pay Transparency: Compensation for this role, for candidates based in Mountain View, CA or New York, NY is expected to be between $185,000 and $225,000', 'Actual pay will be determined considering factors such as relevant skills and experience, and comparison to other employees in the role', 'Regular full-time employees (salaried or hourly) have access to benefits including: Medical, Dental, Vision, Life Insurance, 401(k), Employee Purchase Program, Tuition Assistance (after 6 months), Paid Time Off, Student Loan Program (after 6 months), Wellness Incentives, and many more']}","Los Angeles, CA","Machine Learning Model Engineer|Los Angeles, CA|Samsung Electronics America, Inc.",False,24.0,True,False,2.0,False
Senior Manager - Generative AI Product Engineering,Capital One,https://www.capitalone.com/assets/shell/apple-touch-icon.png,http://www.capitalone.com,Finance,Aspire Hire Zone,FULLTIME,https://aspirehirezone.com/viewcareers/ef1eob9rmjxf-ab5621df-0261af-95ea4ac59ec8135588,"201 Third Street (61049), United States of America, San Francisco, CaliforniaSenior Manager, Generative AI Product Engineering - People Leader - (Remote Eligible)

Our mission at Capital One is to create trustworthy, reliable and human-in-the-loop AI systems, changing banking for good. For years, Capital One has been leading the industry in using machine learning to create real-time, intelligent, automated customer experiences. From informing customers about unusual charges to answering their questions in real time, our applications of AI & ML are bringing humanity and simplicity to banking. Because of our investments in public cloud infrastructure and machine learning platforms, we are now uniquely positioned to harness the power of AI. We are committed to building world-class applied science and engineering teams and continue our industry leading capabilities with breakthrough product experiences and scalable, high-performance AI infrastructure. At Capital One, you will help bring the transformative power of emerging AI capabilities, to reimagine how we serve our customers and businesses who have come to love the products and services we build.

We are looking for an experienced Sr. Manager to help build and maintain APIs and SDKs to train, fine-tune and access AI models at scale. You will work as part of our Enterprise AI team and build systems that will enable our users to work with Large-Language Models (LLMs) and Foundation Models (FMs), using our public cloud infrastructure. You will work with a team of world-class AI engineers and researchers to design and implement key API products and services of our capabilities and enable real-time customer-facing applications powered by these capabilities. Examples of projects you will work on include:
• Architect, build and deploy well-managed core APIs and SDKs to access LLMs and our proprietary FMs including training, fine-tuning and prompting tasks, including orchestration SDKs.
• Design APIs for performance, real-time applications, scale, ease of use and governance automation.
• Develop application-specific interfaces that leverage LLMs and FMs to continue to enhance the associate and customer experience..
• Enable our users to build new AI capabilities
• Develop tools and processes to monitor API access patterns and operational health.
• Design and implement AI safety and guardrails in the API layer working closely with researchers.

Capital One is open to hiring a Remote Employee for this opportunity

Basic Qualifications:
• Bachelor’s degree in Computer Science, Computer Engineering or a technical field.
• At least 8 years of experience programming with Python, Go, Scala, or C/C++
• At least 5 years of experience designing and building and deploying ML applications.
• At least 2 years of experience mentoring and leading teams developing AI and Machine Learning solutions
• At least 4 years of people management experience.

Preferred Qualifications:
• Familiarity with building large-scale AI products or platforms for NLP, speech, computer vision, or recommendation systems serving millions of users.
• Ability to move fast in an environment with ambiguity at times, and with competing priorities and deadlines. Experience at tech and product-driven companies/startups preferred.
• Ability to iterate rapidly with researchers and engineers to improve a product experience while building the foundational capabilities
• Familiarity with deploying large neural network models in demanding production environments.
• Have experience with API security, observability, cloud access control and privacy best practices.

Capital One will consider sponsoring a new qualified applicant for employment authorization for this position.

The minimum and maximum full-time annual salaries for this role are listed below, by location. Please note that this salary information is solely for candidates hired to perform work within one of these locations, and refers to the amount Capital One is willing to pay at the time of this posting. Salaries for part-time roles will be prorated based upon the agreed upon number of hours to be regularly worked.
New York City (Hybrid On-Site): $234,700 - $267,900 for Sr. Mgr, Machine Learning EngineeringSan Francisco, California (Hybrid On-Site): $248,700 - $283,800 for Sr. Mgr, Machine Learning EngineeringRemote (Regardless of Location): $198,900 - $227,000 for Sr. Mgr, Machine Learning Engineering

Candidates hired to work in other locations will be subject to the pay range associated with that location, and the actual annualized salary amount offered to any candidate at the time of hire will be reflected solely in the candidate’s offer letter.
This role is also eligible to earn performance based incentive compensation, which may include cash bonus(es) and/or long term incentives (LTI). Incentives could be discretionary or non discretionary depending on the plan.

Capital One offers a comprehensive, competitive, and inclusive set of health, financial and other benefits that support your total well-being. Learn more at theCapital One Careers website. Eligibility varies based on full or part-time status, exempt or non-exempt status, and management level.

This role is expected to accept applications for a minimum of 5 business days.No agencies please. Capital One is an equal opportunity employer committed to diversity and inclusion in the workplace. All qualified applicants will receive consideration for employment without regard to sex (including pregnancy, childbirth or related medical conditions), race, color, age, national origin, religion, disability, genetic information, marital status, sexual orientation, gender identity, gender reassignment, citizenship, immigration status, protected veteran status, or any other basis prohibited under applicable federal, state or local law. Capital One promotes a drug-free workplace. Capital One will consider for employment qualified applicants with a criminal history in a manner consistent with the requirements of applicable laws regarding criminal background inquiries, including, to the extent applicable, Article 23-A of the New York Correction Law; San Francisco, California Police Code Article 49, Sections 4901-4920; New York City’s Fair Chance Act; Philadelphia’s Fair Criminal Records Screening Act; and other applicable federal, state, and local laws and regulations regarding criminal background inquiries.

If you have visited our website in search of information on employment opportunities or to apply for a position, and you require an accommodation, please contact Capital One Recruiting at 1-800-304-9102 or via email at RecruitingAccommodation@capitalone.com. All information you provide will be kept confidential and will be used only to the extent required to provide needed reasonable accommodations.

For technical support or questions about Capital One's recruiting process, please send an email to Careers@capitalone.com

Capital One does not provide, endorse nor guarantee and is not liable for third-party products, services, educational tools or other information available through this site.

Capital One Financial is made up of several different entities. Please note that any position posted in Canada is for Capital One Canada, any position posted in the United Kingdom is for Capital One Europe and any position posted in the Philippines is for Capital One Philippines Service Corp. (COPSSC).",False,Newman,CA,37.313705,-121.02055,['health_insurance'],"{'no_experience_required': False, 'required_experience_in_months': 96, 'experience_mentioned': True, 'experience_preferred': True}",,"{'postgraduate_degree': False, 'professional_certification': False, 'high_school': False, 'associates_degree': False, 'bachelors_degree': False, 'degree_mentioned': True, 'degree_preferred': True, 'professional_certification_mentioned': False}",False,"{'Qualifications': ['Bachelor’s degree in Computer Science, Computer Engineering or a technical field', 'At least 8 years of experience programming with Python, Go, Scala, or C/C++', 'At least 5 years of experience designing and building and deploying ML applications', 'At least 2 years of experience mentoring and leading teams developing AI and Machine Learning solutions', 'At least 4 years of people management experience'], 'Responsibilities': ['Manager to help build and maintain APIs and SDKs to train, fine-tune and access AI models at scale', 'You will work as part of our Enterprise AI team and build systems that will enable our users to work with Large-Language Models (LLMs) and Foundation Models (FMs), using our public cloud infrastructure', 'You will work with a team of world-class AI engineers and researchers to design and implement key API products and services of our capabilities and enable real-time customer-facing applications powered by these capabilities', 'Architect, build and deploy well-managed core APIs and SDKs to access LLMs and our proprietary FMs including training, fine-tuning and prompting tasks, including orchestration SDKs', 'Design APIs for performance, real-time applications, scale, ease of use and governance automation', 'Develop application-specific interfaces that leverage LLMs and FMs to continue to enhance the associate and customer experience.', 'Enable our users to build new AI capabilities', 'Develop tools and processes to monitor API access patterns and operational health', 'Design and implement AI safety and guardrails in the API layer working closely with researchers'], 'Benefits': ['Salaries for part-time roles will be prorated based upon the agreed upon number of hours to be regularly worked', 'Candidates hired to work in other locations will be subject to the pay range associated with that location, and the actual annualized salary amount offered to any candidate at the time of hire will be reflected solely in the candidate’s offer letter', 'This role is also eligible to earn performance based incentive compensation, which may include cash bonus(es) and/or long term incentives (LTI)', 'Incentives could be discretionary or non discretionary depending on the plan', 'Capital One offers a comprehensive, competitive, and inclusive set of health, financial and other benefits that support your total well-being']}","Newman, CA","Senior Manager - Generative AI Product Engineering|Newman, CA|Capital One",False,96.0,True,True,8.0,False
Applied Researcher,Capital One,https://www.capitalone.com/assets/shell/apple-touch-icon.png,http://www.capitalone.com,Finance,Aspire Hire Zone,FULLTIME,https://aspirehirezone.com/viewcareers/1afewn7ihyp1-db7bd5d8b502798-0172e889b1d8f-44fd,"Center 3 (19075), United States of America, McLean, VirginiaApplied Researcher IOverview:At Capital One, we are creating trustworthy and reliable AI systems, changing banking for good. For years, Capital One has been leading the industry in using machine learning to create real-time, intelligent, automated customer experiences. From informing customers about unusual charges to answering their questions in real time, our applications of AI & ML are bringing humanity and simplicity to banking. We are committed to building world-class applied science and engineering teams and continue our industry leading capabilities with breakthrough product experiences and scalable, high-performance AI infrastructure. At Capital One, you will help bring the transformative power of emerging AI capabilities to reimagine how we serve our customers and businesses who have come to love the products and services we build.Team Description:The AI Foundations team is at the center of bringing our vision for AI at Capital One to life. Our work touches every aspect of the research life cycle, from partnering with Academia to building production systems. We work with product, technology and business leaders to apply the state of the art in AI to our business.In this role, you will: Partner with a cross-functional team of data scientists, software engineers, machine learning engineers and product managers to deliver AI-powered products that change how customers interact with their money.Leverage a broad stack of technologies — Pytorch, AWS Ultraclusters, Huggingface, Lightning, VectorDBs, and more — to reveal the insights hidden within huge volumes of numeric and textual data.Build AI foundation models through all phases of development, from design through training, evaluation, validation, and implementation.Engage in high impact applied research to take the latest AI developments and push them into the next generation of customer experiences.Flex your interpersonal skills to translate the complexity of your work into tangible business goals.The Ideal Candidate:You love the process of analyzing and creating, but also share our passion to do the right thing. You know at the end of the day it’s about making the right decision for our customers.Innovative. You continually research and evaluate emerging technologies. You stay current on published state-of-the-art methods, technologies, and applications and seek out opportunities to apply them.Creative. You thrive on bringing definition to big, undefined problems. You love asking questions and pushing hard to find answers. You’re not afraid to share a new idea.A leader. You challenge conventional thinking and work with stakeholders to identify and improve the status quo. You’re passionate about talent development for your own team and beyond.Technical. You’re comfortable with open-source languages and are passionate about developing further. You have hands-on experience developing AI foundation models and solutions using open-source tools and cloud computing platforms.Has a deep understanding of the foundations of AI methodologies. Experience building large deep learning models, whether on language, images, events, or graphs, as well as expertise in one or more of the following: training optimization, self-supervised learning, robustness, explainability, RLHF.An engineering mindset as shown by a track record of delivering models at scale both in terms of training data and inference volumes.Experience in delivering libraries, platform level code or solution level code to existing products.A professional with a track record of coming up with high quality ideas or improving upon existing ideas in machine learning, demonstrated by accomplishments such as first author publications or projects.Possess the ability to own and pursue a research agenda, including choosing impactful research problems and autonomously carrying out long-running projects.Basic Qualifications:Currently has, or is in the process of obtaining, a PhD, with an expectation that required degree will be obtained on or before the scheduled start date or M.S. with at least 2 years of experience in Applied ResearchPreferred Qualifications:PhD in Computer Science, Machine Learning, Computer Engineering, Applied Mathematics, Electrical Engineering or related fieldsLLMPhD focus on NLP or Masters with 5 years of industrial NLP research experienceMultiple publications on topics related to the pre-training of large language models (e.g. technical reports of pre-trained LLMs, SSL techniques, model pre-training optimization)Member of team that has trained a large language model from scratch (10B + parameters, 500B+ tokens) Publications in deep learning theory Publications at ACL, NAACL and EMNLP, Neurips, ICML or ICLRBehavioral ModelsPhD focus on topics in geometric deep learning (Graph Neural Networks, Sequential Models, Multivariate Time Series)Multiple papers on topics relevant to training models on graph and sequential data structures at KDD, ICML, NeurIPs, ICLR Worked on scaling graph models to greater than 50m nodes Experience with large scale deep learning based recommender systems Experience with production real-time and streaming environments Contributions to common open source frameworks (pytorch-geometric, DGL) Proposed new methods for inference or representation learning on graphs or sequences Worked datasets with 100m+ usersOptimization (Training & Inference)PhD focused on topics related to optimizing training of very large deep learning models Multiple years of experience and/or publications on one of the following topics: Model Sparsification, Quantization, Training Parallelism/Partitioning Design, Gradient Checkpointing, Model Compression Experience optimizing training for a 10B+ model Deep knowledge of deep learning algorithmic and/or optimizer design Experience with compiler designFinetuningPhD focused on topics related to guiding LLMs with further tasks (Supervised Finetuning, Instruction-Tuning, Dialogue-Finetuning, Parameter Tuning) Demonstrated knowledge of principles of transfer learning, model adaptation and model guidanceExperience deploying a fine-tuned large language model Data PreparationPublications studying tokenization, data quality, dataset curation, or labeling Contribution to a major open source corpus Contribution to open source libraries for data quality, dataset curation, or labelingCapital One will consider sponsoring a new qualified applicant for employment authorization for this positionThe minimum and maximum full-time annual salaries for this role are listed below, by location. Please note that this salary information is solely for candidates hired to perform work within one of these locations, and refers to the amount Capital One is willing to pay at the time of this posting. Salaries for part-time roles will be prorated based upon the agreed upon number of hours to be regularly worked.New York City (Hybrid On-Site): $230,000 - $262,500 for Applied Researcher ISan Francisco, California (Hybrid On-site): $243,700 - $278,100 for Applied Researcher ICandidates hired to work in other locations will be subject to the pay range associated with that location, and the actual annualized salary amount offered to any candidate at the time of hire will be reflected solely in the candidate’s offer letter.This role is also eligible to earn performance based incentive compensation, which may include cash bonus(es) and/or long term incentives (LTI). Incentives could be discretionary or non discretionary depending on the plan.Capital One offers a comprehensive, competitive, and inclusive set of health, financial and other benefits that support your total well-being. Learn more at the Capital One Careers website. Eligibility varies based on full or part-time status, exempt or non-exempt status, and management level.This role is expected to accept applications for a minimum of 5 business days.No agencies please. Capital One is an equal opportunity employer committed to diversity and inclusion in the workplace. All qualified applicants will receive consideration for employment without regard to sex (including pregnancy, childbirth or related medical conditions), race, color, age, national origin, religion, disability, genetic information, marital status, sexual orientation, gender identity, gender reassignment, citizenship, immigration status, protected veteran status, or any other basis prohibited under applicable federal, state or local law. Capital One promotes a drug-free workplace. Capital One will consider for employment qualified applicants with a criminal history in a manner consistent with the requirements of applicable laws regarding criminal background inquiries, including, to the extent applicable, Article 23-A of the New York Correction Law; San Francisco, California Police Code Article 49, Sections 4901-4920; New York City’s Fair Chance Act; Philadelphia’s Fair Criminal Records Screening Act; and other applicable federal, state, and local laws and regulations regarding criminal background inquiries.If you have visited our website in search of information on employment opportunities or to apply for a position, and you require an accommodation, please contact Capital One Recruiting at 1-800-304-9102 or via email at RecruitingAccommodation@capitalone.com. All information you provide will be kept confidential and will be used only to the extent required to provide needed reasonable accommodations.For technical support or questions about Capital One's recruiting process, please send an email to Careers@capitalone.comCapital One does not provide, endorse nor guarantee and is not liable for third-party products, services, educational tools or other information available through this site.Capital One Financial is made up of several different entities. Please note that any position posted in Canada is for Capital One Canada, any position posted in the United Kingdom is for Capital One Europe and any position posted in the Philippines is for Capital One Philippines Service Corp. (COPSSC).SummaryLocation: McLean, VA; Cambridge, MA; Richmond, VA; Plano, TX; San Francisco, CA; New York, NYType: Full time",False,Novato,CA,38.107418,-122.5697,"['health_insurance', 'retirement_savings']","{'no_experience_required': False, 'required_experience_in_months': 60, 'experience_mentioned': True, 'experience_preferred': False}",,"{'postgraduate_degree': False, 'professional_certification': False, 'high_school': False, 'associates_degree': False, 'bachelors_degree': False, 'degree_mentioned': True, 'degree_preferred': False, 'professional_certification_mentioned': False}",False,{},"Novato, CA","Applied Researcher|Novato, CA|Capital One",False,24.0,True,False,2.0,False
"Director, Generative AI Platform - Agents and Tooling",Capital One,https://www.capitalone.com/assets/shell/apple-touch-icon.png,http://www.capitalone.com,Finance,Nearby Placement,FULLTIME,https://nearbyplacement.com/viewlistingpage/capital-one/patterson-california-director-generative-ai-platform-agents-and-tooling-o6c62ba3c3lr,"Locations: Sales - CA - San Francisco, United States of America, San Francisco, CaliforniaDirector, Generative AI Platform - Agents and Tooling - People Leader (Remote Eligible)

Our mission at Capital One is to create trustworthy, reliable and human-in-the-loop AI systems, changing banking for good. For years, Capital One has been leading the industry in using machine learning to create real-time, intelligent, automated customer experiences. From informing customers about unusual charges to answering their questions in real time, our applications of AI & ML are bringing humanity and simplicity to banking. Because of our investments in public cloud infrastructure and machine learning platforms, we are now uniquely positioned to harness the power of AI. We are committed to building world-class applied science and engineering teams and continue our industry leading capabilities with breakthrough product experiences and scalable, high-performance AI infrastructure. At Capital One, you will help bring the transformative power of emerging AI capabilities to reimagine how we serve our customers and businesses who have come to love the products and services we build.

We are looking for an experienced Director, AI Platforms to help us build the foundations of our enterprise AI Capabilities. In this role you will work on developing generic platform services to support applications powered by Generative AI. You will develop SDKs and APIs to build agents, information retrieval and to build models as a service for powering generative AI workflows such as optimizing LLMs via RAG.

Additionally you will manage end-to-end coordination with operations and manage creation of high quality curated datasets and productionizing of models along with working with applied research and product teams to identify and prioritize ongoing and upcoming services.

Examples of what you’ll do:
• Develop abstracted platform services to support applications powered by Generative AI
• Develop SDKs and APIs for our user community to power a wide range of applications such as information retrieval, fraud detection, AI Assistants, recommendations on our Gen AI platform.
• Design and build RAG service platform orchestrations including prompt engineering, guardrails, vector databases, API Grounding
• Build out a Prompt management service via cross organizational partnerships
• Stay up-to-date with latest advancements in operationalization of machine learning and GenAI Technologies
• Design and implement capabilities to support MLOps for foundation models.

Capital One is open to hiring a Remote Employee for this opportunity

Basic Qualifications:
• Bachelor's degree in Computer Science, Computer Engineering or a technical field
• At least 8 years of experience programming with Python, Go, Scala, or C/C++
• At least 5 years of experience designing and building and deploying enterprise AI or ML applications.
• At least 3 years of experience implementing full lifecycle ML automation using MLOps(scalable development to deployment of complex data science workflows)
• At least 4 years of experience leading teams developing Machine Learning solutions
• At least 5 years of people management experience.
• At least 1 year with LLM based conversational AI systems

Preferred Qualifications:
• Master’s degree or PhD in Engineering, Computer Science, a related technical field, or equivalent practical experience with a focus on modern AI techniques.
• Strong problem solving and analytical skills with the ability to work independently with ownership, and as a part of a team with a strong sense of responsibilities.
• Experience designing large-scale distributed platforms and/or systems in cloud environments such as AWS, Azure, or GCP.
• Experience architecting cloud systems for security, availability, performance, scalability, and cost.
• Experience with delivering very large models through the MLOps life cycle from exploration to serving
• Ability to move fast in an environment with ambiguity at times, and with competing priorities and deadlines. Experience at tech and product-driven companies/startups preferred.
• Ability to iterate rapidly with researchers and engineers to improve a product experience while building the core components of a Generative AI Platform.
• Experience with one or multiple areas of AI technology stack including prompt engineering, guardrails, vector databases/knowledge bases, LLM hosting, advanced RAG and fine-tuning.
• Experience working with applications that leverage LLMs and vertical integration with enterprise applications

Capital One will consider sponsoring a new qualified applicant for employment authorization for this position.

The minimum and maximum full-time annual salaries for this role are listed below, by location. Please note that this salary information is solely for candidates hired to perform work within one of these locations, and refers to the amount Capital One is willing to pay at the time of this posting. Salaries for part-time roles will be prorated based upon the agreed upon number of hours to be regularly worked.
New York City (Hybrid On-Site): $274,800 - $313,600 for Director, Machine Learning EngineeringSan Francisco, California (Hybrid On-Site): $291,100 - $332,300 for Director, Machine Learning EngineeringRemote (Regardless of Location): $232,900 - $265,800 for Director, Machine Learning Engineering

Candidates hired to work in other locations will be subject to the pay range associated with that location, and the actual annualized salary amount offered to any candidate at the time of hire will be reflected solely in the candidate’s offer letter.
This role is also eligible to earn performance based incentive compensation, which may include cash bonus(es) and/or long term incentives (LTI). Incentives could be discretionary or non discretionary depending on the plan.

Capital One offers a comprehensive, competitive, and inclusive set of health, financial and other benefits that support your total well-being. Learn more at theCapital One Careers website. Eligibility varies based on full or part-time status, exempt or non-exempt status, and management level.

This role is expected to accept applications for a minimum of 5 business days.No agencies please. Capital One is an equal opportunity employer committed to diversity and inclusion in the workplace. All qualified applicants will receive consideration for employment without regard to sex (including pregnancy, childbirth or related medical conditions), race, color, age, national origin, religion, disability, genetic information, marital status, sexual orientation, gender identity, gender reassignment, citizenship, immigration status, protected veteran status, or any other basis prohibited under applicable federal, state or local law. Capital One promotes a drug-free workplace. Capital One will consider for employment qualified applicants with a criminal history in a manner consistent with the requirements of applicable laws regarding criminal background inquiries, including, to the extent applicable, Article 23-A of the New York Correction Law; San Francisco, California Police Code Article 49, Sections 4901-4920; New York City’s Fair Chance Act; Philadelphia’s Fair Criminal Records Screening Act; and other applicable federal, state, and local laws and regulations regarding criminal background inquiries.

If you have visited our website in search of information on employment opportunities or to apply for a position, and you require an accommodation, please contact Capital One Recruiting at 1-800-304-9102 or via email at RecruitingAccommodation@capitalone.com. All information you provide will be kept confidential and will be used only to the extent required to provide needed reasonable accommodations.

For technical support or questions about Capital One's recruiting process, please send an email to Careers@capitalone.com

Capital One does not provide, endorse nor guarantee and is not liable for third-party products, services, educational tools or other information available through this site.

Capital One Financial is made up of several different entities. Please note that any position posted in Canada is for Capital One Canada, any position posted in the United Kingdom is for Capital One Europe and any position posted in the Philippines is for Capital One Philippines Service Corp. (COPSSC).",False,Patterson,CA,37.471653,-121.12991,['health_insurance'],"{'no_experience_required': False, 'required_experience_in_months': 96, 'experience_mentioned': True, 'experience_preferred': True}",,"{'postgraduate_degree': False, 'professional_certification': False, 'high_school': False, 'associates_degree': False, 'bachelors_degree': False, 'degree_mentioned': True, 'degree_preferred': True, 'professional_certification_mentioned': False}",False,"{'Qualifications': [""Bachelor's degree in Computer Science, Computer Engineering or a technical field"", 'At least 8 years of experience programming with Python, Go, Scala, or C/C++', 'At least 5 years of experience designing and building and deploying enterprise AI or ML applications', 'At least 3 years of experience implementing full lifecycle ML automation using MLOps(scalable development to deployment of complex data science workflows)', 'At least 4 years of experience leading teams developing Machine Learning solutions', 'At least 5 years of people management experience', 'At least 1 year with LLM based conversational AI systems'], 'Responsibilities': ['In this role you will work on developing generic platform services to support applications powered by Generative AI', 'You will develop SDKs and APIs to build agents, information retrieval and to build models as a service for powering generative AI workflows such as optimizing LLMs via RAG', 'Additionally you will manage end-to-end coordination with operations and manage creation of high quality curated datasets and productionizing of models along with working with applied research and product teams to identify and prioritize ongoing and upcoming services', 'Develop SDKs and APIs for our user community to power a wide range of applications such as information retrieval, fraud detection, AI Assistants, recommendations on our Gen AI platform', 'Design and build RAG service platform orchestrations including prompt engineering, guardrails, vector databases, API Grounding', 'Build out a Prompt management service via cross organizational partnerships', 'Stay up-to-date with latest advancements in operationalization of machine learning and GenAI Technologies', 'Design and implement capabilities to support MLOps for foundation models'], 'Benefits': ['Salaries for part-time roles will be prorated based upon the agreed upon number of hours to be regularly worked', 'New York City (Hybrid On-Site): $274,800 - $313,600 for Director, Machine Learning EngineeringSan Francisco, California (Hybrid On-Site): $291,100 - $332,300 for Director, Machine Learning EngineeringRemote (Regardless of Location): $232,900 - $265,800 for Director, Machine Learning Engineering', 'Candidates hired to work in other locations will be subject to the pay range associated with that location, and the actual annualized salary amount offered to any candidate at the time of hire will be reflected solely in the candidate’s offer letter', 'This role is also eligible to earn performance based incentive compensation, which may include cash bonus(es) and/or long term incentives (LTI)', 'Incentives could be discretionary or non discretionary depending on the plan', 'Capital One offers a comprehensive, competitive, and inclusive set of health, financial and other benefits that support your total well-being']}","Patterson, CA","Director, Generative AI Platform - Agents and Tooling|Patterson, CA|Capital One",False,,True,False,0.0,False
AI Research Engineer/Scientist,Tykhe Inc (pronounced Tie-key),https://encrypted-tbn0.gstatic.com/images?q=tbn:ANd9GcSWVgk4mS4Xb1bGeTgoXxK1D4tiLfyJ-zMnyAO_&s=0,,,LinkedIn,FULLTIME,https://www.linkedin.com/jobs/view/ai-research-engineer-scientist-at-tykhe-inc-pronounced-tie-key-3957263826,"About the Company: One of our well-established start-ups in Palo Alto, CA is looking to hire AI Research Engineer/scientist to train, optimize, scale, and deploy a variety of generative AI models such as large language models, voice/speech foundation models, vision and multi-modal foundation models using cutting-edge techniques and frameworks. In this role, you will conduct advanced research and development to push the boundaries of what is possible with generative AI and language models.

Responsibilities:
• Research, architect, and deploy new generative AI methods such as autoregressive models, causal models, and diffusion models
• Refine foundation model infrastructure to support the deployment of optimized AI models with a focus on C/C++, CUDA, and kernel-level programming enhancements
• Implement state-of-the-art optimization techniques, including quantization, distillation, sparsity, streaming, and caching, for model performance enhancements
• Design and develop novel large language models and corresponding architectures by leveraging transformers, Mixture-of-experts, attention mechanisms (FlashAttention-2 (w/ MQA, GQA), MLA (Multi-head Latent Attention) and state-of-the-art architectures
• Implement large multimodal models following latest architectures - early fusion (e.g. NExT-GPT, Unified IO-2) or deep fusion (e.g. Zipper, Mirasol 3B) or similar
• Train or finetune speech / audio models for representation (like, W2V-BERT, SONAR, AST), generation (like, Hi-Fi GAN, VQ-GAN, AudioLDM), multilingual multitask models (like, SeamlessM4T)
• Train or fine-tune vision models for representation (like, ViT, Q-Former, CLIP, SigLIP.), generation (like, Stable diffusion, Stable cascade), video representation (like, Video-Swin transformer)
• Drive innovations in NLP techniques like text generation, summarization, translation, question answering, etc. enabled by generative models
• Integrate and tailor frameworks such as PyTorch, TensorFlow, DeepSpeed, Lightening, Habana and FSDP for the advancement of super-fast model training and inference
• Advance the deployment infrastructure with MLOps frameworks such as KubeFlow, MosaicML, Anyscale, and Terraform, ensuring robust development and deployment cycles
• Publish papers at top-tier AI/ML conferences like NeurIPS, ICML, ICLR on new research contributions
• Collaborate with engineering teams to productionize research advancements into scalable services and products

Qualifications:
• Ph.D. or MS with 2+ years of research / applied research experience in LLMs, NLP, CV, Reinforcement Learning, Voice, and Generative models
• Demonstrated expertise in high-performance computing with proficiency in Python, C/C++, CUDA, and kernel-level programming for AI applications
• Extensive experience in the optimization of training and inference for large-scale AI models, including practical knowledge of quantization, distillation, and LLMOps
• Prior experience with large-scale distributed training and fine-tuning of foundation models such as GPT-3, LLaMA2, AlphaFold, and DALL-E
• Experience with language modeling evaluation, prompt tuning and engineering, instruction tuning, and/or RLHF
• Research contributions in NLP, generative modeling, LLMs demonstrated through publications and products
• Strong programming skills and proficiency in Python, TensorFlow/PyTorch, and other ML frameworks and tools
• Experience in Information Extraction, Question Answering, Conversational Agents (Chatbots), Data Visualization and/or text-to-image models
• Excellent communication and collaboration skills to work cross-functionally with various teams

Please connect with Jia at jia@lagomtechnologies.com for more details and setup sometime to discuss the role and client.",False,Palo Alto,CA,37.441883,-122.14302,,"{'no_experience_required': False, 'required_experience_in_months': 24, 'experience_mentioned': True, 'experience_preferred': False}",,"{'postgraduate_degree': False, 'professional_certification': False, 'high_school': False, 'associates_degree': False, 'bachelors_degree': True, 'degree_mentioned': True, 'degree_preferred': False, 'professional_certification_mentioned': False}",False,"{'Qualifications': ['NExT-GPT, Unified IO-2) or deep fusion (e.g. Zipper, Mirasol 3B) or similar', 'Ph.D. or MS with 2+ years of research / applied research experience in LLMs, NLP, CV, Reinforcement Learning, Voice, and Generative models', 'Demonstrated expertise in high-performance computing with proficiency in Python, C/C++, CUDA, and kernel-level programming for AI applications', 'Extensive experience in the optimization of training and inference for large-scale AI models, including practical knowledge of quantization, distillation, and LLMOps', 'Prior experience with large-scale distributed training and fine-tuning of foundation models such as GPT-3, LLaMA2, AlphaFold, and DALL-E', 'Experience with language modeling evaluation, prompt tuning and engineering, instruction tuning, and/or RLHF', 'Research contributions in NLP, generative modeling, LLMs demonstrated through publications and products', 'Strong programming skills and proficiency in Python, TensorFlow/PyTorch, and other ML frameworks and tools', 'Experience in Information Extraction, Question Answering, Conversational Agents (Chatbots), Data Visualization and/or text-to-image models', 'Excellent communication and collaboration skills to work cross-functionally with various teams'], 'Responsibilities': ['In this role, you will conduct advanced research and development to push the boundaries of what is possible with generative AI and language models', 'Research, architect, and deploy new generative AI methods such as autoregressive models, causal models, and diffusion models', 'Refine foundation model infrastructure to support the deployment of optimized AI models with a focus on C/C++, CUDA, and kernel-level programming enhancements', 'Implement state-of-the-art optimization techniques, including quantization, distillation, sparsity, streaming, and caching, for model performance enhancements', 'Design and develop novel large language models and corresponding architectures by leveraging transformers, Mixture-of-experts, attention mechanisms (FlashAttention-2 (w/ MQA, GQA), MLA (Multi-head Latent Attention) and state-of-the-art architectures', 'Implement large multimodal models following latest architectures - early fusion (e.g', 'Train or finetune speech / audio models for representation (like, W2V-BERT, SONAR, AST), generation (like, Hi-Fi GAN, VQ-GAN, AudioLDM), multilingual multitask models (like, SeamlessM4T)', 'Train or fine-tune vision models for representation (like, ViT, Q-Former, CLIP, SigLIP.), generation (like, Stable diffusion, Stable cascade), video representation (like, Video-Swin transformer)', 'Drive innovations in NLP techniques like text generation, summarization, translation, question answering, etc. enabled by generative models', 'Integrate and tailor frameworks such as PyTorch, TensorFlow, DeepSpeed, Lightening, Habana and FSDP for the advancement of super-fast model training and inference', 'Advance the deployment infrastructure with MLOps frameworks such as KubeFlow, MosaicML, Anyscale, and Terraform, ensuring robust development and deployment cycles', 'Publish papers at top-tier AI/ML conferences like NeurIPS, ICML, ICLR on new research contributions', 'Collaborate with engineering teams to productionize research advancements into scalable services and products']}","Palo Alto, CA","AI Research Engineer/Scientist|Palo Alto, CA|Tykhe Inc (pronounced Tie-key)",False,,True,False,0.0,False
Lead Generative AI Engineer/Scientist,Tykhe Inc (pronounced Tie-key),https://encrypted-tbn0.gstatic.com/images?q=tbn:ANd9GcSWVgk4mS4Xb1bGeTgoXxK1D4tiLfyJ-zMnyAO_&s=0,,,LinkedIn,FULLTIME,https://www.linkedin.com/jobs/view/lead-generative-ai-engineer-scientist-at-tykhe-inc-pronounced-tie-key-3957266091,"About the Company: One of our well-established start-up clients in Palo Alto, CA are looking for an experienced Lead Generative AI Engineer/Scientist to train, optimize, scale, and deploy a variety of generative AI models such as large language models, voice/speech foundation models, vision and multi-modal foundation models using cutting-edge techniques and frameworks. In this hands-on role, you will architect and implement state of art neural architecture, robust training and inference infrastructure to efficiently take complex models with billions of parameters to production while optimizing for low latency, high throughput, and cost efficiency.

Responsibilities:
• Architect and refine foundation model infrastructure to support the deployment of optimized AI models with a focus on C/C++, CUDA, and kernel-level programming enhancements.
• Implement state-of-the-art optimization techniques, including quantization, distillation, sparsity, streaming, and caching, for model performance enhancements.
• Spearhead the development of Vision pipelines, ensuring scalable training and inference workflows of 10s and 100s of billions of parameter foundation models.
• Should be able to innovate for the state-of-the-art architectures involving Panoptic Segmentation, Image Classification and Image Generation. It is expected that the candidate experiments with the internals of Vision Transformers and convolutional Models like ConvNext, CLIP, Visual Question Answering (VQA) and Diffusion Models. Practice around AI Arts, Image Prompts, Conditional Image Generation will be an additional advantage.
• Design, develop, and innovate state-of-the-art in large multimodal models like GPT-4o, Gemini, Chameleon. Make architectural choices across dense / Mixture-of-experts, early fusion / deep fusion, choice of modality encoders (VQ-GAN, ViT, CLIP/SigLIP), decoders (Stable diffusion, Stable cascade, AudioLDM).
• Execute training and inference processes with a key emphasis on minimizing latency and maximizing throughput, utilizing GPU clusters and custom hardware.
• Innovate on current model deployment platforms, employing AWS, GCP, and GPU clusters, to enable high scalability and responsiveness.
• Integrate and tailor frameworks such as PyTorch, TensorFlow, DeepSpeed, Lightening, FSDP, and Habana for the advancement of super-fast model training and inference.
• Advance the deployment infrastructure with MLOps frameworks such as KubeFlow, MosaicML, Anyscale, Terraform, ensuring robust development and deployment cycles.
• Enhance post-deployment mechanisms with exhaustive testing, real-time monitoring, and sophisticated explainability and robustness checks.
• Drive continuous improvement initiatives for deployed models with automated pipelines for drift detection and performance degradation.
• Lead the charge in model management, encompassing version control, reproducibility, and lineage tracking.
• Cultivate a culture of high-performance computing and optimization within the AI/ML domain, propagating best practices and knowledge sharing.

Qualifications:
• Ph.D. with 5+ years or MS with 8+ years of experience in ML Engineering, Data Science, or related fields.
• Demonstrated expertise in high-performance computing with proficiency in Python, C/C++, CUDA, and kernel-level programming for AI applications.
• Extensive experience in the optimization of training and inference for large-scale AI models, including practical knowledge of quantization, distillation, and Vision Pipelines.
• It will be of additional benefit if the Candidate understands Diffusion Models (DDPM), Variational Autoencoders, Bayesian Modelling, Stochastic Variational Inference (SVI) and Reinforcement Learning.
• Experience in building 10s and 100s of billions of parameters generative AI foundation models.
• AI training job scheduling, orchestration, and management via SLURM and Kubeflow.
• Proven success in deploying optimized ML systems on a large scale, utilizing cloud infrastructures and GPU resources.
• In-depth understanding and hands-on experience with advanced model optimization frameworks such as DeepSpeed, FSDP, PyTorch, TensorFlow, and corresponding MLOps tools.
• Familiarity with contemporary MLOps frameworks like MosaicML, Anyscale, Terraform, and their application in production environments.
• Strong grasp of state-of-the-art ML infrastructures, deployment strategies, and optimization methodologies.
• An innovative problem-solver with strategic acumen and a collaborative mindset.
• Exceptional communication and team collaboration skills, with an ability to lead and inspire.

For more details, please reach out to Jia at jia@lagomtechnologies.com and setup sometime to discuss the role!",False,Palo Alto,CA,37.441883,-122.14302,,"{'no_experience_required': False, 'required_experience_in_months': 60, 'experience_mentioned': True, 'experience_preferred': False}",,"{'postgraduate_degree': False, 'professional_certification': False, 'high_school': False, 'associates_degree': False, 'bachelors_degree': True, 'degree_mentioned': True, 'degree_preferred': False, 'professional_certification_mentioned': False}",False,"{'Qualifications': ['Ph.D. with 5+ years or MS with 8+ years of experience in ML Engineering, Data Science, or related fields', 'Demonstrated expertise in high-performance computing with proficiency in Python, C/C++, CUDA, and kernel-level programming for AI applications', 'Extensive experience in the optimization of training and inference for large-scale AI models, including practical knowledge of quantization, distillation, and Vision Pipelines', 'It will be of additional benefit if the Candidate understands Diffusion Models (DDPM), Variational Autoencoders, Bayesian Modelling, Stochastic Variational Inference (SVI) and Reinforcement Learning', 'Experience in building 10s and 100s of billions of parameters generative AI foundation models', 'AI training job scheduling, orchestration, and management via SLURM and Kubeflow', 'Proven success in deploying optimized ML systems on a large scale, utilizing cloud infrastructures and GPU resources', 'In-depth understanding and hands-on experience with advanced model optimization frameworks such as DeepSpeed, FSDP, PyTorch, TensorFlow, and corresponding MLOps tools', 'Familiarity with contemporary MLOps frameworks like MosaicML, Anyscale, Terraform, and their application in production environments', 'Strong grasp of state-of-the-art ML infrastructures, deployment strategies, and optimization methodologies', 'An innovative problem-solver with strategic acumen and a collaborative mindset', 'Exceptional communication and team collaboration skills, with an ability to lead and inspire'], 'Responsibilities': ['In this hands-on role, you will architect and implement state of art neural architecture, robust training and inference infrastructure to efficiently take complex models with billions of parameters to production while optimizing for low latency, high throughput, and cost efficiency', 'Architect and refine foundation model infrastructure to support the deployment of optimized AI models with a focus on C/C++, CUDA, and kernel-level programming enhancements', 'Implement state-of-the-art optimization techniques, including quantization, distillation, sparsity, streaming, and caching, for model performance enhancements', 'Spearhead the development of Vision pipelines, ensuring scalable training and inference workflows of 10s and 100s of billions of parameter foundation models', 'Should be able to innovate for the state-of-the-art architectures involving Panoptic Segmentation, Image Classification and Image Generation', 'Design, develop, and innovate state-of-the-art in large multimodal models like GPT-4o, Gemini, Chameleon', 'Make architectural choices across dense / Mixture-of-experts, early fusion / deep fusion, choice of modality encoders (VQ-GAN, ViT, CLIP/SigLIP), decoders (Stable diffusion, Stable cascade, AudioLDM)', 'Execute training and inference processes with a key emphasis on minimizing latency and maximizing throughput, utilizing GPU clusters and custom hardware', 'Innovate on current model deployment platforms, employing AWS, GCP, and GPU clusters, to enable high scalability and responsiveness', 'Integrate and tailor frameworks such as PyTorch, TensorFlow, DeepSpeed, Lightening, FSDP, and Habana for the advancement of super-fast model training and inference', 'Advance the deployment infrastructure with MLOps frameworks such as KubeFlow, MosaicML, Anyscale, Terraform, ensuring robust development and deployment cycles', 'Enhance post-deployment mechanisms with exhaustive testing, real-time monitoring, and sophisticated explainability and robustness checks', 'Drive continuous improvement initiatives for deployed models with automated pipelines for drift detection and performance degradation', 'Lead the charge in model management, encompassing version control, reproducibility, and lineage tracking', 'Cultivate a culture of high-performance computing and optimization within the AI/ML domain, propagating best practices and knowledge sharing']}","Palo Alto, CA","Lead Generative AI Engineer/Scientist|Palo Alto, CA|Tykhe Inc (pronounced Tie-key)",False,60.0,True,True,5.0,False
AI Sales Specialist,NetApp,https://www.netapp.com/media/na_logo_black_rgb_reg-mark_tcm19-21014.jpg,http://www.netapp.com,Manufacturing,Snagajob,FULLTIME,https://www.snagajob.com/jobs/964761605,"About NetApp

We’re forward-thinking technology people with heart. We make our own rules, drive our own opportunities, and try to approach every challenge with fresh eyes. Of course, we can’t do it alone. We know when to ask for help, collaborate with others, and partner with smart people. We embrace diversity and openness because it’s in our DNA. We push limits and reward great ideas. What is your great idea?

""At NetApp, we fully embrace and advance a diverse, inclusive global workforce with a culture of belonging that leverages the backgrounds and perspectives of all employees, customers, partners, and communities to foster a higher performing organization."" -George Kurian, CEO
Job Summary

We are seeking a dynamic and seasoned Senior AI/ML Business Development and Sales Specialist with a proven track record of success in navigating the complex landscape of artificial intelligence (AI), machine learning (ML), and deep learning (DL) technologies. This individual should have a robust blend of strategic business acumen, sales prowess, and a profound technical understanding of AI/ML/DL infrastructures, including both storage and compute considerations.

As an expert in the field, the ideal candidate will have a keen ability to discern customer needs and craft bespoke solutions that align with their unique business objectives. Your role will be pivotal in empowering AI business leaders and technologists to seamlessly integrate cutting-edge technologies into their operations, while adeptly addressing data pipeline and data management intricacies inherent in AI/ML/DL ventures.

Key Responsibilities
• Drive the sales of NetApp solutions within AI projects while meeting and exceeding sales quotas.
• Engage with customers to unravel the complexities of AI/ML technology adoption, spotlighting how NetApp solutions can expedite their AI/ML/DL project timelines.
• Stimulate demand by articulating compelling business use cases to partners and customers, demonstrating the transformative impact of AI/ML/DL adoption within their industries.
• Collaborate with NetApp's internal teams to translate customer and partner feedback into customized programs and innovative integration opportunities.
• Spearhead AI/ML campaigns in conjunction with sales and field teams, ensuring successful execution and implementation.
• Serve as an authoritative voice on NetApp's AI/ML strategy, value proposition, and offerings, both internally and in the marketplace.

Desired Experience
• Extensive understanding of cloud computing and cloud-based AI/ML/DL services.
• Established connections with NVIDIA and NetApp AI ISV partners.
• Familiarity with the compute and storage technology ecosystem.
• Experience with High-Performance Computing and parallel file systems.
• Ability to engage with both technical and business audiences effectively.
• Experience collaborating with Product Management and Engineering to convey Field needs.
• Confidence in public speaking and presenting at industry events.
• Deep-seated experience in AI/ML/DL technology, data management challenges, and customer requirements.
• Comprehensive knowledge of AI/ML/DL business use cases and vertical-specific offerings.
• Demonstrated strategic thinking regarding business, product, and technical challenges.
• Proven ability to create and scale programs that align with customer needs and bolster revenue growth.

Required Experience
• A minimum of 8 years in business development, sales, or customer engagement within the IT sector, including leadership experience; or relevant experience
• At least 2 years dedicated to AI/ML/DL projects and related technologies
• In-depth knowledge of industry-specific AI use cases
• Exceptional communication skills, both written and verbal

Did you know…
Statistics show women apply to jobs only when they’re 100% qualified. But no one is 100% qualified. We encourage you to shift the trend and apply anyway! We look forward to hearing from you.

Why NetApp?

In a world full of generalists, NetApp is a specialist. No one knows how to elevate the world’s biggest clouds like NetApp. We are data-driven and empowered to innovate. Trust, integrity, and teamwork all combine to make a difference for our customers, partners, and communities.

We expect a healthy work-life balance. Our volunteer time off program is best in class, offering employees 40 hours of paid time off per year to volunteer with their favorite organizations. We provide comprehensive medical, dental, wellness, and vision plans for you and your family. We offer educational assistance, legal services, and access to discounts. We also offer financial savings programs to help you plan for your future.

If you run toward knowledge and problem-solving, join us.

Equal Opportunity Employer:

NetApp is firmly committed to Equal Employment Opportunity (EEO) and to compliance with all federal, state and local laws that prohibit employment discrimination based on age, race, color, gender, sexual orientation, gender identity, national origin, religion, disability or genetic information, pregnancy, protected veteran status, and any other protected classification.

USA and Canada Residents Only:

The salary hiring wage range for this position which the Company reasonably and in good faith expects to pay for the position in the specified geographic areas or locations is $248,000 - $302,000 total on target earnings. Final compensation will be dependent on various factors relevant to the position and candidate such as geographical location, candidate qualifications, certifications, relevant job-related work experience, education, skillset, and other relevant business and organizational factors, consistent with applicable law. In addition, the position may include some of the following comprehensive benefits such as Medical, Dental, Vision, Life, 401(K), Paid Time off (PTO), sick time, leave of absence as per the FMLA and other relevant leave laws, Company bonus/commission, employee stock purchase plan, and/or restricted stocks (RSU’s).",False,Santa Monica,CA,34.019455,-118.49119,"['retirement_savings', 'paid_time_off', 'health_insurance', 'dental_coverage']","{'no_experience_required': False, 'required_experience_in_months': 24, 'experience_mentioned': True, 'experience_preferred': False}",,"{'postgraduate_degree': False, 'professional_certification': False, 'high_school': False, 'associates_degree': False, 'bachelors_degree': False, 'degree_mentioned': False, 'degree_preferred': False, 'professional_certification_mentioned': True}",False,"{'Qualifications': ['This individual should have a robust blend of strategic business acumen, sales prowess, and a profound technical understanding of AI/ML/DL infrastructures, including both storage and compute considerations', 'As an expert in the field, the ideal candidate will have a keen ability to discern customer needs and craft bespoke solutions that align with their unique business objectives', 'A minimum of 8 years in business development, sales, or customer engagement within the IT sector, including leadership experience; or relevant experience', 'At least 2 years dedicated to AI/ML/DL projects and related technologies', 'In-depth knowledge of industry-specific AI use cases', 'Exceptional communication skills, both written and verbal'], 'Responsibilities': ['Your role will be pivotal in empowering AI business leaders and technologists to seamlessly integrate cutting-edge technologies into their operations, while adeptly addressing data pipeline and data management intricacies inherent in AI/ML/DL ventures', 'Drive the sales of NetApp solutions within AI projects while meeting and exceeding sales quotas', 'Engage with customers to unravel the complexities of AI/ML technology adoption, spotlighting how NetApp solutions can expedite their AI/ML/DL project timelines', 'Stimulate demand by articulating compelling business use cases to partners and customers, demonstrating the transformative impact of AI/ML/DL adoption within their industries', ""Collaborate with NetApp's internal teams to translate customer and partner feedback into customized programs and innovative integration opportunities"", 'Spearhead AI/ML campaigns in conjunction with sales and field teams, ensuring successful execution and implementation', ""Serve as an authoritative voice on NetApp's AI/ML strategy, value proposition, and offerings, both internally and in the marketplace""], 'Benefits': ['Our volunteer time off program is best in class, offering employees 40 hours of paid time off per year to volunteer with their favorite organizations', 'We provide comprehensive medical, dental, wellness, and vision plans for you and your family', 'We offer educational assistance, legal services, and access to discounts', 'We also offer financial savings programs to help you plan for your future', 'The salary hiring wage range for this position which the Company reasonably and in good faith expects to pay for the position in the specified geographic areas or locations is $248,000 - $302,000 total on target earnings', 'Final compensation will be dependent on various factors relevant to the position and candidate such as geographical location, candidate qualifications, certifications, relevant job-related work experience, education, skillset, and other relevant business and organizational factors, consistent with applicable law', 'In addition, the position may include some of the following comprehensive benefits such as Medical, Dental, Vision, Life, 401(K), Paid Time off (PTO), sick time, leave of absence as per the FMLA and other relevant leave laws, Company bonus/commission, employee stock purchase plan, and/or restricted stocks (RSU’s)']}","Santa Monica, CA","AI Sales Specialist|Santa Monica, CA|NetApp",False,6.0,True,False,0.5,False
Senior Engineer - Generative AI Product Engineering,Capital One,https://www.capitalone.com/assets/shell/apple-touch-icon.png,http://www.capitalone.com,Finance,Recruit.net,FULLTIME,https://www.recruit.net/job/engineer-generative-ai-product-engineering-jobs/11D1A2BA06DA3476,"Center 1 (19052), United States of America, McLean, Virginia

Senior Engineer - Generative AI Product Engineering

Our mission at Capital One is to create trustworthy, reliable and human-in-the-loop AI systems, changing banking for good. For years, Capital One has been leading the industry in using machine learning to create real-time, intelligent, automated customer experiences. From informing customers about unusual charges to answering their questions in real time, our applications of AI & ML are bringing humanity and simplicity to banking. Because of our investments in public cloud infrastructure and machine learning platforms, we are now uniquely positioned to harness the power of AI. We are committed to building world-class applied science and engineering teams and continue our industry leading capabilities with breakthrough product experiences and scalable, high-performance AI infrastructure. At Capital One, you will help bring the transformative power of emerging AI capabilities to reimagine how we serve our customers and businesses who have come to love the products and services we build.

We are looking for an experienced Senior Generative AI Engineer to help build and maintain APIs and SDKs to train, fine-tune and access AI models at scale. You will work as part of our Enterprise AI team and build systems that will enable our users to work with Large-Language Models (LLMs) and Foundation Models (FMs), using our public cloud infrastructure. You will work with a team of world-class AI engineers and researchers to design and implement key API products and services that enable real-time customer-facing applications. Examples of projects you will work on include:
• Architect, build and deploy well-managed core APIs and SDKs to access LLMs and our proprietary FMs including training, fine-tuning and prompting tasks, including orchestration SDKs.
• Design APIs for performance, real-time applications, scale, ease of use and governance automation.
• Develop application-specific interfaces that leverage LLMs and FMs to continue to enhance the associate and customer experience.
• Enable our users to build new GenAI capabilities.
• Develop tools and processes to monitor API access patterns and operational health.
• Design and implement AI safety and guardrails in the API layer working closely with researchers.

Basic Qualifications:
• Bachelor’s degree in Computer Science, Computer Engineering or a technical field
• At least 4 years of experience designing and building and deploying ML application platforms.
• At least 4 years of experience programming with Python, Go, Scala, or Java
• At least 1 year of experience building, scaling, and optimizing training or inferencing systems for deep neural networks

Preferred Qualifications:
• Familiarity with building large-scale AI products or platforms for NLP, speech, computer vision, or recommendation systems serving millions of users.
• Ability to move fast in an environment with ambiguity at times, and with competing priorities and deadlines.
• Experience at tech and product-driven companies/startups preferred.
• Ability to iterate rapidly with researchers and engineers to improve a product experience while building the foundational capabilities.
• Familiarity with deploying large neural network models in demanding production environments.
• Have experience with API security, observability, cloud access control and privacy best practices.

At this time, Capital One will not sponsor a new applicant for employment authorization for this position.

The minimum and maximum full-time annual salaries for this role are listed below, by location. Please note that this salary information is solely for candidates hired to perform work within one of these locations, and refers to the amount Capital One is willing to pay at the time of this posting. Salaries for part-time roles will be prorated based upon the agreed upon number of hours to be regularly worked.
New York City (Hybrid On-Site): $165,100 - $188,500 for Senior Machine Learning Engineer

San Francisco, California (Hybrid On-Site): $174,900 - $199,700 for Senior Machine Learning Engineer

Candidates hired to work in other locations will be subject to the pay range associated with that location, and the actual annualized salary amount offered to any candidate at the time of hire will be reflected solely in the candidate’s offer letter.
This role is also eligible to earn performance based incentive compensation, which may include cash bonus(es) and/or long term incentives (LTI). Incentives could be discretionary or non discretionary depending on the plan.

Capital One offers a comprehensive, competitive, and inclusive set of health, financial and other benefits that support your total well-being. Learn more at the Capital One Careers website. Eligibility varies based on full or part-time status, exempt or non-exempt status, and management level.

This role is expected to accept applications for a minimum of 5 business days.

No agencies please. Capital One is an equal opportunity employer committed to diversity and inclusion in the workplace. All qualified applicants will receive consideration for employment without regard to sex (including pregnancy, childbirth or related medical conditions), race, color, age, national origin, religion, disability, genetic information, marital status, sexual orientation, gender identity, gender reassignment, citizenship, immigration status, protected veteran status, or any other basis prohibited under applicable federal, state or local law. Capital One promotes a drug-free workplace. Capital One will consider for employment qualified applicants with a criminal history in a manner consistent with the requirements of applicable laws regarding criminal background inquiries, including, to the extent applicable, Article 23-A of the New York Correction Law; San Francisco, California Police Code Article 49, Sections 4901-4920; New York City’s Fair Chance Act; Philadelphia’s Fair Criminal Records Screening Act; and other applicable federal, state, and local laws and regulations regarding criminal background inquiries.

If you have visited our website in search of information on employment opportunities or to apply for a position, and you require an accommodation, please contact Capital One Recruiting at 1-800-304-9102 or via email at RecruitingAccommodation@capitalone.com. All information you provide will be kept confidential and will be used only to the extent required to provide needed reasonable accommodations.

For technical support or questions about Capital One's recruiting process, please send an email to Careers@capitalone.com

Capital One does not provide, endorse nor guarantee and is not liable for third-party products, services, educational tools or other information available through this site.

Capital One Financial is made up of several different entities. Please note that any position posted in Canada is for Capital One Canada, any position posted in the United Kingdom is for Capital One Europe and any position posted in the Philippines is for Capital One Philippines Service Corp. (COPSSC).",False,Alamo,CA,37.850204,-122.03218,['health_insurance'],"{'no_experience_required': False, 'required_experience_in_months': 48, 'experience_mentioned': True, 'experience_preferred': True}",,"{'postgraduate_degree': False, 'professional_certification': False, 'high_school': False, 'associates_degree': False, 'bachelors_degree': False, 'degree_mentioned': True, 'degree_preferred': True, 'professional_certification_mentioned': False}",False,"{'Qualifications': ['Bachelor’s degree in Computer Science, Computer Engineering or a technical field', 'At least 4 years of experience designing and building and deploying ML application platforms', 'At least 4 years of experience programming with Python, Go, Scala, or Java', 'At least 1 year of experience building, scaling, and optimizing training or inferencing systems for deep neural networks'], 'Responsibilities': ['You will work as part of our Enterprise AI team and build systems that will enable our users to work with Large-Language Models (LLMs) and Foundation Models (FMs), using our public cloud infrastructure', 'You will work with a team of world-class AI engineers and researchers to design and implement key API products and services that enable real-time customer-facing applications', 'Architect, build and deploy well-managed core APIs and SDKs to access LLMs and our proprietary FMs including training, fine-tuning and prompting tasks, including orchestration SDKs', 'Design APIs for performance, real-time applications, scale, ease of use and governance automation', 'Develop application-specific interfaces that leverage LLMs and FMs to continue to enhance the associate and customer experience', 'Enable our users to build new GenAI capabilities', 'Develop tools and processes to monitor API access patterns and operational health', 'Design and implement AI safety and guardrails in the API layer working closely with researchers'], 'Benefits': ['Salaries for part-time roles will be prorated based upon the agreed upon number of hours to be regularly worked', 'New York City (Hybrid On-Site): $165,100 - $188,500 for Senior Machine Learning Engineer', 'Candidates hired to work in other locations will be subject to the pay range associated with that location, and the actual annualized salary amount offered to any candidate at the time of hire will be reflected solely in the candidate’s offer letter', 'This role is also eligible to earn performance based incentive compensation, which may include cash bonus(es) and/or long term incentives (LTI)', 'Incentives could be discretionary or non discretionary depending on the plan', 'Capital One offers a comprehensive, competitive, and inclusive set of health, financial and other benefits that support your total well-being']}","Alamo, CA","Senior Engineer - Generative AI Product Engineering|Alamo, CA|Capital One",False,96.0,True,True,8.0,False
"Associate Director, AI","Mirador Therapeutics, Inc.",https://media.licdn.com/dms/image/D4E0BAQHu5ByQeOY7xg/company-logo_200_200/0/1711018796338/mirador_therapeutics_logo?e=2147483647&v=beta&t=D5ttlhC5maja9S_5uKWZixG2IP5ITNG6xIm8M5FhB_Y,http://www.miradortx.com,,BioSpace,FULLTIME,https://www.biospace.com/job/2925303/associate-director-ai/,"(San Diego, CA)

Mirador is a next-generation precision medicine company focused on immunology and inflammation. The company’s Mirador360 TM precision development engine leverages the latest advances in human genetics and cutting-edge data science to rapidly advance new precision medicines for patients living with chronic immune-mediated inflammatory and fibrotic diseases. Launched in 2024, Mirador has raised over $400 million from leading life sciences investors and is based in San Diego, CA.

Summary

We seek a talented Associate Director, AI to report to the Executive Director, AI & Machine Learning and collaborate on development of deep neural networks (DNNs) and large language models (LLMs) leveraging multi-modal data (genetics, omics, EHR/text) to drive new insights and therapeutic hypotheses. In this position, the individual will be responsible to build, train, test, and maintain predictive, interpretable, and generalizable data models. The position will be partnered cross-functionally to align on standard assumptions and tools used to estimate future outcomes and build mechanisms that communicate to stakeholders when opportunities are identified.

Key Duties and Responsibilities
• Design, develop, and fine-tune large-scale neural network models, with a strong emphasis on language models.
• Explore state-of-the-art techniques in NLP, transfer learning, and generative AI to enhance our capabilities.
• Participate in and oversight of scientific report writing. Presentation of methods, results, and conclusions to a publishable standard.
• Communicate findings in multiple settings (including 1:1, group and project meetings).
• Strong at building partnerships and working collaboratively with others to meet shared objectives.

Education and Experience
• PhD in Computer Science (concentration on machine learning/AI), Engineering, Statistics, or a related field
• Minimum of 7 years of relevant biotech and/or pharmaceutical industry experience preferred.
• Proficiency with at least one high-level programming language (R, Python, C/C++) for complex data analysis and reproducible research practices.
• Experience analyzing high-dimensional molecular data, such as imaging, video, or transcriptomics.
• Experience leading a team of machine learning scientists to deliver on predefined key corporate objectives.
• Background in inflammatory diseases (e.g., autoimmune diseases, IBD, and scleroderma) and/or experience working with clinical trial data is a plus.

Skills and Abilities
• Demonstrated ability to contribute to and help advance multi-disciplinary team projects.
• Track record of excellent interpersonal and communication skills, including providing concise summaries of complex data to empower decision-making.
• Have a strong work ethic and are proactive in providing solutions to foster scientific collaborations and drive projects forward.
• Can work in a highly interactive environment with a diverse team of colleagues.

The expected base pay range for this position is $125,000 – $240,000 plus bonus, equity, and comprehensive benefits. The base pay range reflects the target range for this position, but individual pay will be determined by additional factors such as job-related skills, experience and relevant education or training. This range may be modified in the future.

All qualified applicants are considered for employment without regard to race, color, religion, age, sex, sexual orientation, gender identity, national origin, disability, veteran status or other protected class.

Apply",False,Alpine,CA,32.835052,-116.76641,['health_insurance'],"{'no_experience_required': False, 'required_experience_in_months': 84, 'experience_mentioned': True, 'experience_preferred': True}",,"{'postgraduate_degree': False, 'professional_certification': False, 'high_school': False, 'associates_degree': False, 'bachelors_degree': False, 'degree_mentioned': True, 'degree_preferred': False, 'professional_certification_mentioned': False}",False,"{'Qualifications': ['PhD in Computer Science (concentration on machine learning/AI), Engineering, Statistics, or a related field', 'Proficiency with at least one high-level programming language (R, Python, C/C++) for complex data analysis and reproducible research practices', 'Experience analyzing high-dimensional molecular data, such as imaging, video, or transcriptomics', 'Experience leading a team of machine learning scientists to deliver on predefined key corporate objectives', 'Demonstrated ability to contribute to and help advance multi-disciplinary team projects', 'Track record of excellent interpersonal and communication skills, including providing concise summaries of complex data to empower decision-making', 'Have a strong work ethic and are proactive in providing solutions to foster scientific collaborations and drive projects forward', 'Can work in a highly interactive environment with a diverse team of colleagues'], 'Responsibilities': ['We seek a talented Associate Director, AI to report to the Executive Director, AI & Machine Learning and collaborate on development of deep neural networks (DNNs) and large language models (LLMs) leveraging multi-modal data (genetics, omics, EHR/text) to drive new insights and therapeutic hypotheses', 'In this position, the individual will be responsible to build, train, test, and maintain predictive, interpretable, and generalizable data models', 'The position will be partnered cross-functionally to align on standard assumptions and tools used to estimate future outcomes and build mechanisms that communicate to stakeholders when opportunities are identified', 'Design, develop, and fine-tune large-scale neural network models, with a strong emphasis on language models', 'Explore state-of-the-art techniques in NLP, transfer learning, and generative AI to enhance our capabilities', 'Participate in and oversight of scientific report writing', 'Presentation of methods, results, and conclusions to a publishable standard', 'Communicate findings in multiple settings (including 1:1, group and project meetings)', 'Strong at building partnerships and working collaboratively with others to meet shared objectives'], 'Benefits': ['The expected base pay range for this position is $125,000 – $240,000 plus bonus, equity, and comprehensive benefits', 'The base pay range reflects the target range for this position, but individual pay will be determined by additional factors such as job-related skills, experience and relevant education or training']}","Alpine, CA","Associate Director, AI|Alpine, CA|Mirador Therapeutics, Inc.",False,,True,False,0.0,False
Solutions Principal - Conversational Gen AI Consultant (Presales),ClickJobs.io,https://encrypted-tbn0.gstatic.com/images?q=tbn:ANd9GcTSmqoIeRMySX8OPncOiuqIW9wF_z5_dnnezwYO&s=0,,,LinkedIn,FULLTIME,https://www.linkedin.com/jobs/view/solutions-principal-conversational-gen-ai-consultant-presales-at-clickjobs-io-3957519131,"Help Dell Technologies customize AI/ML (Artificial Intelligence/Machine Learning) solutions for some of the largest aerospace, financial, healthcare, high technology, insurance, and manufacturing businesses in the world. You will have the opportunity to present to some of the greatest minds in the IT industry. The AI/ML/Data Solution Principal is expected to spend approximately 70% of their time working service-led sales pursuits with the Services sales team and delivery organizations, 15% of time in demand generation activities with the sales organization, and 15% of time growing proficiency in the Dell Technologies services offerings to enable continued growth and success in the role.

Join us to do the best work of your career and make a profound social impact as a Solutions Principal - Conversational Gen AI Consultant (Presales) on our Solutions Principal Team in Round Rock, Texas (Remote locations may considered)

What You’ll Achieve

Our AI/ML/Data Solution Principal roles are strategic, creative, outgoing pre-sales professionals with a passion for technology evangelism, sales, and custom solution development. Our AI/ML/Data Solution Principal lives in the global ecosystem between sales leadership and services delivery as a strategic partner. You will be architecting and evangelizing AI/ML technology solutions across multiple sales teams here at Dell.

You Will:
• Partner with the core sales organizations to articulate our unique perspective on AI GTM service solutions and credentialing our delivery capabilities using success stories to meet customer needs.
• Gather, document, and Architect customer-specific scope requirements and expectations for value-based outcomes in coordination with both the Services Sales Executives (SSEs) & Core teams.
• Collaborate with other Solutions Principals within the Solutioning Team organizations, Delivery and Subject Matter Experts, as well as other business partners to develop solution proposals to satisfy customer specific scope requirements and value-based outcomes.
• Guide sales pursuits and ensure compliance with pursuit management processes and governance model driving transition of customer awarded Statements of Work and expectations to Dell EMC Delivery Teams, as well as participating during internal project kickoffs.
• Manage and communicate status on the portfolio of assigned sales pursuits in salesforce.com, as well as consistently and effectively managing expectations on what is needed and when a quality work product can be delivered to the customer. Participate on Dell EMC Product Group calls to provide feedback on what is or isn’t resonating for assigned marketplace, as well as insights on potential new solutions and offers to consider.

Take the first step towards your dream career

Every Dell Technologies team member brings something unique to the table. Here’s what we are looking for with this role:

Essential Requirements
• BA or BS degree in Computer Science and hands-on experience with IT Transformation concepts.
• Understanding of emerging technologies, trends and solutions (i.e. AI/ML and Data science, Converged and Hyper-Converged Infrastructure, Public or Private Clouds, X-as-a-Service, etc.).
• A high degree of learning agility; passionate about learning and mastering new concepts quickly; good research skills & a strong and persuasive sales-oriented personality that can partner with and influence the Dell Sales Teams, the Solutioning Team and Delivery Teams to position and win services business.
• Excellent communication skills including active listening, proposal and statement of work writing, and delivery of white board or formal presentations.
• Demonstrated ability to work in a fast-paced, highly matrix organization with a strong desire to lead diverse teams thru multiple sales campaigns to completion.

Desired Skills And Experience
• 10+ years of pre-sales support and/or delivery experience in a consulting or professional services environment to include experience writing Statements of Work for customers and sub-contracts with partners.
• Comfortable with frequent travel throughout the assigned Theater to support sales campaigns, customer briefings, and training with all customer types including multi-national organizations.

Who We Are

We believe that each of us has the power to make an impact. That’s why we put our team members at the center of everything we do. If you’re looking for an opportunity to grow your career with some of the best minds and most advanced tech in the industry, we’re looking for you.

Dell Technologies is a unique family of businesses that helps individuals and organizations transform how they work, live and play. Join us to build a future that works for everyone because Progress Takes All of Us.

Application closing date: June 15, 2024

Dell Technologies is committed to the principle of equal employment opportunity for all employees and to providing employees with a work environment free of discrimination and harassment. Read the full Equal Employment Opportunity Policy here.

Job ID:R246617

Dell’s Flexible & Hybrid Work Culture

At Dell Technologies, we believe our best work is done when flexibility is offered.

We know that freedom and flexibility are crucial to all our employees no matter where you are located and our flexible and hybrid work style allows team members to have the freedom to ideate, be innovative, and drive results their way. To learn more about our work culture, please visit our locations page.",False,San Francisco,CA,37.77493,-122.41942,,"{'no_experience_required': False, 'required_experience_in_months': 120, 'experience_mentioned': True, 'experience_preferred': False}",,"{'postgraduate_degree': False, 'professional_certification': False, 'high_school': False, 'associates_degree': False, 'bachelors_degree': False, 'degree_mentioned': True, 'degree_preferred': True, 'professional_certification_mentioned': False}",False,"{'Qualifications': ['BA or BS degree in Computer Science and hands-on experience with IT Transformation concepts', 'Understanding of emerging technologies, trends and solutions (i.e. AI/ML and Data science, Converged and Hyper-Converged Infrastructure, Public or Private Clouds, X-as-a-Service, etc.)', 'A high degree of learning agility; passionate about learning and mastering new concepts quickly; good research skills & a strong and persuasive sales-oriented personality that can partner with and influence the Dell Sales Teams, the Solutioning Team and Delivery Teams to position and win services business', 'Excellent communication skills including active listening, proposal and statement of work writing, and delivery of white board or formal presentations', 'Demonstrated ability to work in a fast-paced, highly matrix organization with a strong desire to lead diverse teams thru multiple sales campaigns to completion'], 'Responsibilities': ['Partner with the core sales organizations to articulate our unique perspective on AI GTM service solutions and credentialing our delivery capabilities using success stories to meet customer needs', 'Gather, document, and Architect customer-specific scope requirements and expectations for value-based outcomes in coordination with both the Services Sales Executives (SSEs) & Core teams', 'Collaborate with other Solutions Principals within the Solutioning Team organizations, Delivery and Subject Matter Experts, as well as other business partners to develop solution proposals to satisfy customer specific scope requirements and value-based outcomes', 'Guide sales pursuits and ensure compliance with pursuit management processes and governance model driving transition of customer awarded Statements of Work and expectations to Dell EMC Delivery Teams, as well as participating during internal project kickoffs', 'Manage and communicate status on the portfolio of assigned sales pursuits in salesforce.com, as well as consistently and effectively managing expectations on what is needed and when a quality work product can be delivered to the customer', 'Participate on Dell EMC Product Group calls to provide feedback on what is or isn’t resonating for assigned marketplace, as well as insights on potential new solutions and offers to consider']}","San Francisco, CA","Solutions Principal - Conversational Gen AI Consultant (Presales)|San Francisco, CA|ClickJobs.io",False,96.0,True,True,8.0,False
AI Training Mathematics,Outlier,https://outlier.nyc/cdn/shop/t/191/assets/swan-seo.jpg?v=165858625365431468481717789777,,,Learn4Good,CONTRACTOR,https://www.learn4good.com/jobs/san-jose/california/info_technology/3291403790/e/,"Position: AI Training for Mathematics

Train AI models to become more accurate, relevant, and safe in Math.

Earnings:
• Hourly rate: up to $50 per hour USD, depending on your level of expertise

About the Opportunity:
• Cutting-edge projects: Work on interesting projects that push the boundaries of AI technology
• Flexibility:
Set your own hours
• Weekly payouts: Get paid conveniently on a weekly basis
• Professional growth: Gain valuable AI experience while honing your writing skills and deepening your domain expertise
• Collaborative environment: Join a team of talented professionals who share your passion for AI
• Duration:
Variable depending on project length, flexible hours
• Location:
Remote from any of the following countries United States, Canada, Puerto Rico, Mexico, United Kingdom, Australia, New Zealand, and Argentina.

Responsibilities:
• Train AI models by creating and answering questions related to your field
• Evaluate and rank responses generated by AI
• Leverage your domain expertise to assess the factuality and relevance of text produced by AI models

Qualifications:
• Minimum:
Junior or Senior undergraduates enrolled in a mathematics or related program
• Preferred:
Graduate student, Master, PhD, or equivalent proficiency in mathematics or a related-field
• Excellent English verbal and written communication skills
• Attention to detail and ability to spot errors or inconsistencies in writing
• Able to verify educational & professional Information via our partner, Checkr

Nice to Have:
• Professional writing experience as a researcher, journalist, technical writer, editor, or similar roles
• Solid subject matter knowledge in other Math subfields
• Interest in AI and machine learning concepts

Additional Note:

This is a freelance position that is paid on a per-hour basis. We don’t offer internships as this is a freelance role. You also must be authorized to work in your country of residence, and we will not be providing sponsorship since this is a 1099 contract opportunity. However, if you are an international student, you may be able to sign up if you are on a visa.

You should contact your tax/immigration advisor with specific questions regarding your circumstances. We are unable to provide any documentation supporting employment at this time. Please be advised that compensation rates may differ for non-US locations.

PLEASE NOTE: We collect, retain and use personal data for our professional business purposes, including notifying you of other project opportunities on Outlier that may be of interest. We limit the personal data we collect to that which we believe is appropriate and necessary to manage applicants’ needs, provide our services, and comply with applicable laws. Any information we collect in connection with your application will be treated in accordance with our internal policies and programs designed to protect personal data.

Base pay is determined by multiple factors, including the area of expertise, years of experience, and skillset needed for the project. Pay rates vary during the project lifecycle. For example, rates for onboarding are lower.

PLEASE NOTE: We collect, retain and use personal data for our professional business purposes, including notifying you of job opportunities that may be of interest and sharing with our affiliates. We limit the personal data we collect to that which we believe is appropriate and necessary to manage applicants’ needs, provide our services, and comply with applicable laws. Any information we collect in connection with your application will be treated in accordance with our internal policies and programs designed to protect personal data.",False,San Jose,CA,37.33874,-121.885254,,"{'no_experience_required': False, 'required_experience_in_months': None, 'experience_mentioned': True, 'experience_preferred': False}",,"{'postgraduate_degree': False, 'professional_certification': False, 'high_school': False, 'associates_degree': False, 'bachelors_degree': False, 'degree_mentioned': True, 'degree_preferred': False, 'professional_certification_mentioned': False}",False,"{'Qualifications': ['Junior or Senior undergraduates enrolled in a mathematics or related program', 'Graduate student, Master, PhD, or equivalent proficiency in mathematics or a related-field', 'Excellent English verbal and written communication skills', 'Attention to detail and ability to spot errors or inconsistencies in writing', 'Able to verify educational & professional Information via our partner, Checkr', 'Professional writing experience as a researcher, journalist, technical writer, editor, or similar roles', 'Solid subject matter knowledge in other Math subfields', 'Interest in AI and machine learning concepts'], 'Responsibilities': ['Train AI models by creating and answering questions related to your field', 'Evaluate and rank responses generated by AI', 'Leverage your domain expertise to assess the factuality and relevance of text produced by AI models'], 'Benefits': ['Hourly rate: up to $50 per hour USD, depending on your level of expertise', 'Set your own hours', 'Weekly payouts: Get paid conveniently on a weekly basis', 'Professional growth: Gain valuable AI experience while honing your writing skills and deepening your domain expertise', 'Pay rates vary during the project lifecycle']}","San Jose, CA","AI Training Mathematics|San Jose, CA|Outlier",False,,True,False,0.0,False
Head of Finance,interface.ai,https://encrypted-tbn0.gstatic.com/images?q=tbn:ANd9GcQkunEXs9TwQEDC_i3A4MU_CVZ8ViosAC_plaiO&s=0,,,LinkedIn,FULLTIME,https://www.linkedin.com/jobs/view/head-of-finance-at-interface-ai-3958004709,"Interface.ai is a leading Conversational AI SaaS company focused on providing cutting-edge solutions to the financial services industry. We serve close to 100 financial institutions today. We are one of the fastest-growing AI + financial technology companies in the industry, and we have grown 1800% in the last one year and recently featured as one of the top 100 fastest-growing fintech companies in Silicon Valley. Our mission is to empower every financial institution to scale efficiently and help its customers achieve financial wellness.

Our core technology is built 100% in-house with several breakthroughs in Natural Language Understanding. Our parser is built based on zero-shot learning that helps us to launch industry-specific IVA that can achieve over 90% accuracy on Day-1. We are 160+ people strong with employees spread across India and US locations.

What You Will Do

As a Head of Finance, you will be responsible for:
• Forecast monthly, quarterly and annual results
• Approve or reject budgets
• Conduct risk management
• Evaluate and decide on investments
• Allocate resources and manage cash flows
• Conduct profit and cost analyses
• Develop secure procedures to maintain confidential information
• Ensure all accounting activities and internal audits comply with financial regulations
• Consult board members about funding options
• Recommend cost-reducing solutions
• Creating forecasting models, assessing risk in investments and ensuring all accounting activities comply with regulations

What You Will Bring
• Proven work experience as a Head of Finance, Director of Finance
• Experience scaling teams at early stage Startups
• In-depth understanding of cash flow management, bank reconciliation and bookkeeping
• Hands-on experience with budgeting and risk management
• Excellent knowledge of data analysis and forecasting models
• Proficiency in accounting software
• Solid analytical and decision-making skills
• Leadership abilities

Compensation
• Compensation is expected to be between $200,000 - $240,000. Exact compensation may vary based on skills and location.

What We Offer
•    Remote First Policy
•    Medical/Dental/Vision Insurance
•    PTO & Holidays
• ✨ Life Insurance

At Interface.ai, we are committed to providing an inclusive and welcoming environment for all employees and applicants. We celebrate diversity and believe it is critical to our success as a company. We do not discriminate on the basis of race, color, religion, national origin, age, sex, gender identity, gender expression, sexual orientation, marital status, veteran status, disability status, or any other legally protected status. All employment decisions at Interface.ai are based on business needs, job requirements, and individual qualifications. We strive to create a culture that values and respects each person's unique perspective and contributions. We encourage all qualified individuals to apply for employment opportunities with Interface.ai and are committed to ensuring that our hiring process is inclusive and accessible.",True,San Jose,CA,37.33874,-121.885254,"['health_insurance', 'paid_time_off', 'dental_coverage']","{'no_experience_required': False, 'required_experience_in_months': None, 'experience_mentioned': True, 'experience_preferred': False}",,"{'postgraduate_degree': False, 'professional_certification': False, 'high_school': False, 'associates_degree': False, 'bachelors_degree': True, 'degree_mentioned': False, 'degree_preferred': False, 'professional_certification_mentioned': False}",False,"{'Qualifications': ['Proven work experience as a Head of Finance, Director of Finance', 'Experience scaling teams at early stage Startups', 'In-depth understanding of cash flow management, bank reconciliation and bookkeeping', 'Hands-on experience with budgeting and risk management', 'Excellent knowledge of data analysis and forecasting models', 'Proficiency in accounting software', 'Solid analytical and decision-making skills', 'Leadership abilities'], 'Responsibilities': ['As a Head of Finance, you will be responsible for:', 'Forecast monthly, quarterly and annual results', 'Approve or reject budgets', 'Conduct risk management', 'Evaluate and decide on investments', 'Allocate resources and manage cash flows', 'Conduct profit and cost analyses', 'Develop secure procedures to maintain confidential information', 'Ensure all accounting activities and internal audits comply with financial regulations', 'Consult board members about funding options', 'Recommend cost-reducing solutions', 'Creating forecasting models, assessing risk in investments and ensuring all accounting activities comply with regulations'], 'Benefits': ['Compensation is expected to be between $200,000 - $240,000', 'Exact compensation may vary based on skills and location', '   Remote First Policy', '   Medical/Dental/Vision Insurance', '   PTO & Holidays', '✨ Life Insurance']}","San Jose, CA","Head of Finance|San Jose, CA|interface.ai",False,120.0,True,False,10.0,False
"Senior Machine Learning Engineer, Firefly",Adobe,http://wwwimages.adobe.com/content/dam/acom/en/badges-buttons/images/Adobe_standard_logo_RGB.png,http://www.adobe.com,Information,Adobe Careers,FULLTIME,https://careers.adobe.com/us/en/job/R143331/Senior-Machine-Learning-Engineer-Firefly,"JOB LEVEL
P50

EMPLOYEE ROLE
Individual Contributor

The Opportunity

Firefly is the new family of creative generative AI models coming to Adobe products that offers a new way to conceptualise, build, and scale content. It’s a natural extension of the technology Adobe has produced over the past 40 years.

At the core of Firefly are our commercially safe AI models trained on hundreds of millions of images owned or licensed by Adobe. We are hiring for a highly strategic and visible role to help evolve these models and the associated prompt engine. This is an opportunity to reach millions of creatives, helping them recreate the way they work!
What You'll Do
• Engage with Applied Research (and Research) groups and design end-to-end machine learning solutions that have organizational-wide impact using innovative architectures
• Contribute to the backend services for Firefly that power the generative AI features on Firefly website, Photoshop, Illustrator, Express, Stock and other applications/surfaces
• Design and develop GPU optimized, efficient model pipelines for new Firefly features serving a variety of modalities like images, vectors, 3D, etc.
• Ensure the system architecture and design deliver a scalable, reliable cloud service with observability, logging and tracing to enable quick detection, understanding and resolution of run-time issues
• Contribute to the architecture and design of the internal AI Inference Platform that will handle and serve a collection of ML models in a highly scalable and resilient system
What You’ll Need to Succeed
• A deep and proven understanding of AI/ML, including ML frameworks, public cloud and commercial AI/ML solutions
• Demonstrated experience with Pytorch, SageMaker, HuggingFace is required
• Image Processing, Computer Vision, Generative AI experience is a MUST
• Validated expertise in creation and optimization as well as operation of GPU intensive ML workloads in production environments
• Deep understanding of model serving, orchestration, scaling and GPU resource management
• Strong communication and collaboration skills - building strong relationships with internal customers and external partners
• Exceptional analytical and problem-solving skills, with the ability to think strategically and make data-driven decisions
• A passion for staying up to date with the latest trends and technologies in AI/ML - in the cloud and on device
• A Bachelors, Masters or PhD degree in Computer Science, Computer Vision, Robotics, or a related field, or equivalent confirmed experience
#FireflyGenAI

Our compensation reflects the cost of labor across several  U.S. geographic markets, and we pay differently based on those defined markets. The U.S. pay range for this position is $150,700 -- $284,400 annually. Pay within this range varies by work location and may also depend on job-related knowledge, skills, and experience. Your recruiter can share more about the specific salary range for the job location during the hiring process.

At Adobe, for sales roles starting salaries are expressed as total target compensation (TTC = base + commission), and short-term incentives are in the form of sales commission plans. Non-sales roles starting salaries are expressed as base salary and short-term incentives are in the form of the Annual Incentive Plan (AIP).

In addition, certain roles may be eligible for long-term incentives in the form of a new hire equity award.

Internal Opportunities

Creativity, curiosity, and constant learning are celebrated aspects of your career growth journey. We’re glad that you’re pursuing a new opportunity at Adobe!

Put your best foot forward:

1. Update your Resume/CV and Workday profile – don’t forget to include your uniquely ‘Adobe’ experiences and volunteer work.

2. Visit the Internal Mobility page on Inside Adobe to learn more about the process and set up a job alert for roles you’re interested in.

3. Check out these tips to help you prep for interviews.

4. If you are applying for a role outside of your current country, ensure you review the International Resources for Relocating Employees on Inside Adobe, including the impacts to your Benefits, AIP, Equity & Payroll.

Once you apply for a role via Workday, the Talent Team will reach out to you within 2 weeks. If you move into the official interview process with the hiring team, make sure you inform your manager so they can champion your career growth.

At Adobe, you will be immersed in an exceptional work environment that is recognized around the world. You will also be surrounded by colleagues who are committed to helping each other grow through our unique Check-In approach where ongoing feedback flows freely. If you’re looking to make an impact, Adobe's the place for you. Discover what our employees are saying about their career experiences on the Adobe Life blog and explore the meaningful benefits we offer.

Adobe is an equal opportunity and affirmative action employer. We welcome and encourage diversity in the workplace regardless of gender, race or color, ethnicity or national origin, age, disability, religion, sexual orientation, gender identity or expression, veteran status, or any other characteristics protected by law.

If you have a disability or special need that requires accommodation to navigate our internal careers site or to complete the application process, please contact accommodations@adobe.com.",False,San Jose,CA,37.33874,-121.885254,,"{'no_experience_required': False, 'required_experience_in_months': None, 'experience_mentioned': True, 'experience_preferred': False}",,"{'postgraduate_degree': False, 'professional_certification': False, 'high_school': False, 'associates_degree': False, 'bachelors_degree': False, 'degree_mentioned': True, 'degree_preferred': True, 'professional_certification_mentioned': False}",False,"{'Qualifications': ['A deep and proven understanding of AI/ML, including ML frameworks, public cloud and commercial AI/ML solutions', 'Demonstrated experience with Pytorch, SageMaker, HuggingFace is required', 'Image Processing, Computer Vision, Generative AI experience is a MUST', 'Validated expertise in creation and optimization as well as operation of GPU intensive ML workloads in production environments', 'Strong communication and collaboration skills - building strong relationships with internal customers and external partners', 'Exceptional analytical and problem-solving skills, with the ability to think strategically and make data-driven decisions', 'A passion for staying up to date with the latest trends and technologies in AI/ML - in the cloud and on device', 'A Bachelors, Masters or PhD degree in Computer Science, Computer Vision, Robotics, or a related field, or equivalent confirmed experience', 'Update your Resume/CV and Workday profile – don’t forget to include your uniquely ‘Adobe’ experiences and volunteer work', 'Visit the Internal Mobility page on Inside Adobe to learn more about the process and set up a job alert for roles you’re interested in'], 'Responsibilities': ['Engage with Applied Research (and Research) groups and design end-to-end machine learning solutions that have organizational-wide impact using innovative architectures', 'Contribute to the backend services for Firefly that power the generative AI features on Firefly website, Photoshop, Illustrator, Express, Stock and other applications/surfaces', 'Design and develop GPU optimized, efficient model pipelines for new Firefly features serving a variety of modalities like images, vectors, 3D, etc', 'Ensure the system architecture and design deliver a scalable, reliable cloud service with observability, logging and tracing to enable quick detection, understanding and resolution of run-time issues', 'Contribute to the architecture and design of the internal AI Inference Platform that will handle and serve a collection of ML models in a highly scalable and resilient system'], 'Benefits': ['The U.S. pay range for this position\u202fis $150,700 -- $284,400 annually', 'At Adobe, for sales roles starting salaries are expressed as total target compensation (TTC = base + commission), and short-term incentives are in the form of sales commission plans', 'Non-sales roles starting salaries are expressed as base salary and short-term incentives are in the form of the Annual Incentive Plan (AIP)', 'In addition, certain roles may be eligible for long-term incentives in the form of a new hire equity award']}","San Jose, CA","Senior Machine Learning Engineer, Firefly|San Jose, CA|Adobe",False,48.0,True,True,4.0,False
Senior Product Manager,Dola AI,https://encrypted-tbn0.gstatic.com/images?q=tbn:ANd9GcTjlRrfGy1ljRcOh-c0he1NuUBfpwc7UZNfW-UQ&s=0,,,LinkedIn,FULLTIME,https://www.linkedin.com/jobs/view/senior-product-manager-at-dola-ai-3958516128,"Are you passionate about shaping world-leading experiences at the forefront of the AI movement? Do you thrive in collaborative environments alongside talented colleagues who have a track record of founding, building, and successfully selling a 10 billion USD unicorn? If so, Dola AI is looking for a senior product manager to join our exceptional team!

We are seeking a highly motivated and dynamic Sr. Product Manager to join our innovative team. The Sr. Product Manager will play a pivotal role in supporting the product management team in all aspects of product development, from conceptualization to launch and beyond. The ideal candidate is passionate about technology, possesses strong analytical skills, and thrives in a fast-paced, collaborative environment. We're seeking a skilled communicator who values constructive feedback and excels within a small, experienced team.

If you're ready to contribute your expertise to an innovative AI-driven company with a dynamic team, we'd love to hear from you. Join us in shaping the future of AI at Dola AI!

The Role
• Assist in the development and execution of product strategies and roadmaps in alignment with company goals and market demands.
• Collaborate with cross-functional teams including engineering, design, marketing, and sales to define product requirements and priorities.
• Assist in the creation of product specifications, user stories, and other documentation to guide the development process.
• Conduct market research and analysis to identify customer needs, competitive landscape, and industry trends.
• Support the product development lifecycle, including feature prioritization, sprint planning, and user acceptance testing.
• Monitor and analyze key performance indicators (KPIs) to evaluate product performance and identify areas for improvement.
• Assist in the preparation of product-related presentations, reports, and materials for internal and external stakeholders.
• Provide support for customer inquiries, feedback, and product-related issues, ensuring timely resolution and customer satisfaction.
• Stay informed about emerging technologies, industry trends, and competitor activities to inform product decisions and strategies.
• Contribute to a culture of innovation, collaboration, and continuous improvement within the product management team and across the organization.

Requirements
• 5+ years of experience in product management, product marketing, or related roles, preferably in the technology industry.
• Strong analytical skills with the ability to gather and interpret data from multiple sources.
• Excellent communication skills with the ability to effectively communicate complex ideas and concepts.
• Proven ability to work collaboratively in a cross-functional team environment.
• Detail-oriented with strong organizational and time management skills.
• Passion for technology and a keen interest in artificial intelligence and its applications.
• Ability to thrive in a fast-paced, dynamic environment and adapt to changing priorities.
• Experience with agile development methodologies is a plus.

About Dola AI

Easier, smarter, and faster, Dola AI is the perfect personal assistant. Our proprietary technology turns even the most complicated commands in text, voice messages, or images into clear calendar events right in your messaging app. The next big feature of Dola will be launching within the next few months.

Since launching only a month ago (early March 2024), Dola has attained over 200,000 users across 70 countries and was listed as a top ranked product in our ProductHunt launch.

Dola AI was founded by a team with the track record of founding, building, and successfully selling a 10 billion USD unicorn. We are very product-driven, spending the majority of our effort to making a perfect product. We also have a very flat, open culture, encouraging everyone to share their thoughts and opinions on how to take things to the next level.",True,San Francisco,CA,37.77493,-122.41942,,"{'no_experience_required': False, 'required_experience_in_months': 60, 'experience_mentioned': True, 'experience_preferred': True}","['Competitive Analysis', 'Analytics', 'User Experience (UX)', 'Product Launch', 'Analytical Skills', 'Market Research', 'Product Management', 'Team Leadership', 'Product Development', 'Marketing']","{'postgraduate_degree': False, 'professional_certification': False, 'high_school': False, 'associates_degree': False, 'bachelors_degree': True, 'degree_mentioned': False, 'degree_preferred': False, 'professional_certification_mentioned': False}",False,"{'Qualifications': ['The ideal candidate is passionate about technology, possesses strong analytical skills, and thrives in a fast-paced, collaborative environment', ""We're seeking a skilled communicator who values constructive feedback and excels within a small, experienced team"", '5+ years of experience in product management, product marketing, or related roles, preferably in the technology industry', 'Strong analytical skills with the ability to gather and interpret data from multiple sources', 'Excellent communication skills with the ability to effectively communicate complex ideas and concepts', 'Proven ability to work collaboratively in a cross-functional team environment', 'Detail-oriented with strong organizational and time management skills', 'Passion for technology and a keen interest in artificial intelligence and its applications', 'Ability to thrive in a fast-paced, dynamic environment and adapt to changing priorities'], 'Responsibilities': ['Product Manager will play a pivotal role in supporting the product management team in all aspects of product development, from conceptualization to launch and beyond', 'Assist in the development and execution of product strategies and roadmaps in alignment with company goals and market demands', 'Collaborate with cross-functional teams including engineering, design, marketing, and sales to define product requirements and priorities', 'Assist in the creation of product specifications, user stories, and other documentation to guide the development process', 'Conduct market research and analysis to identify customer needs, competitive landscape, and industry trends', 'Support the product development lifecycle, including feature prioritization, sprint planning, and user acceptance testing', 'Monitor and analyze key performance indicators (KPIs) to evaluate product performance and identify areas for improvement', 'Assist in the preparation of product-related presentations, reports, and materials for internal and external stakeholders', 'Provide support for customer inquiries, feedback, and product-related issues, ensuring timely resolution and customer satisfaction', 'Stay informed about emerging technologies, industry trends, and competitor activities to inform product decisions and strategies', 'Contribute to a culture of innovation, collaboration, and continuous improvement within the product management team and across the organization']}","San Francisco, CA","Senior Product Manager|San Francisco, CA|Dola AI",,,,,0.0,False
AI Ops Engineer,Juniper Networks,https://www.juniper.net/favicon.ico,http://www.juniper.net,Manufacturing,ZipRecruiter,FULLTIME,"https://www.ziprecruiter.com/c/Juniper-Networks/Job/AI-Ops-Engineer/-in-Sunnyvale,CA?jid=51d93b6c72cac3b8","Introduction

Juniper Networks brings simplicity to networking with products, solutions and services that connect the world! Through engineering innovation, we remove the constraints and complexities of networking in the cloud era to solve the toughest challenges our customers and partners face daily. At Juniper Networks, we believe that the network is a resource for sharing knowledge and human advancement that changes the world. We are committed to imagining groundbreaking ways to deliver automated, scalable, and secure networks to move at the speed of business!

Job Description:

We are seeking an AIOPS Engineer to join our Full Stack SRE cloud software development team. We bring insights to life powered by data and ML/AI and develop and deliver a range of solutions that work seamlessly with the rich product offerings from Juniper across network, infrastructure, applications, data, ML, and business observability. In this role, you will work with our product developers, cross-functional engineering teams, and domain experts to define solutions that leverage statistical & deep learning technologies, build and execute on strategic product roadmaps, and design architectures to scale these solutions across our global customer base.

Key Responsibilities:
• Help architect microservices and applications that leverage data & ML/AI to build and deliver differentiated full stack observability and analytics solutions
• Lead technical efforts through all phases of the software development process - from early design phases through to customers and support
• Collaborate cross-functionally and cross-product to make major improvements to our platform and services
• Help shape our engineering practices through a broad approach to engineering quality (consistent and thoughtful patterns, improved observability, unit and integration testing, etc.)
• Develop for developers through APIs and services that allow for extensibility
• Participate in innovation time to build features for our customers and tools for our engineering teams

Skills/Qualifications

Required:
• Bachelor's degree with 6 months to 1 year of industry experience
• Experience in a least one area of Machine Learning (NLP, Regression, Classification, Clustering, or Anomaly Detection)
• Experience with fairness in machine learning and artificial intelligence to detect and remove bias in ML/AI systems
• Knowledge of architecting and building cloud native services/applications at scale, based on microservices and event-driven architectures, with both relational, NoSQL & distributed databases
• Understanding of architecting applications that are reliable, scalable and secure
• Proficient in Python
• Own and validate KPIs to measure model quality and impact at scale
• Knowledge of applying statistical models for large-scale application and building automated analytical systems experience

Nice to have:
• Have at least one full product lifecycle experience (concept to ship) of an AI based service/application
• Awareness of building high scale and high-performance distributed systems
• Knowledge of working with Stream processing systems like AWS Kinesis and AI platforms like Amazon SageMaker
• Working knowledge of platforms such as AWS, Azure, GCP, VMWare and/or Kubernetes

Minimum Salary: $90,000.00

Maximum Salary:$138,000.00

The pay range for this position is expected to be between $90,000.00 and $138,000.00/year; however, the base pay offered may vary depending on multiple individualized factors, including market location, job-related knowledge, skills, and experience. The total compensation package for this position also includes medical benefits, 401(k) eligibility, vacation, sick time, and parental leave. Additional details of participation in these benefit plans will be provided if an employee receives an offer of employment.

If hired, employee will be in an ""at-will position"" and the Company reserves the right to modify base salary (as well as any other payment or compensation program) at any time, including for reasons related to individual performance, Company or individual department/team performance, and market factors.

Juniper's pay range data is provided in accordance with local state pay transparency regulations. Juniper may post different minimum wage ranges for permanent residency petitions pursuant to US Department of Labor requirements.

ABOUT JUNIPER NETWORKS

Juniper Networks is in the business of network innovation. From devices to data centers, from consumers to cloud providers, Juniper Networks delivers the software, silicon and systems that transform the experience and economics of networking. Our products and technology run the world's largest and most demanding networks today, enabling service providers, enterprises, and governments to create value and accelerate business success. Everyday our 9,000+ colleagues come together across 46 countries to realize our company vision - Connect Everything, Empower Everyone. We are innovating in ways that empower our customers, our partners and ultimately, everyone, in a connected world. These customers include the top 130 global service providers, 96 of the Fortune 100 and hundreds of public sector organizations.

WHERE WILL YOU DO YOUR BEST WORK?

Wherever you are in the world, whether it's downtown Sunnyvale or London, Westford or Bangalore, Juniper is a place that was founded on disruptive thinking - where colleague innovation is not only valued, but expected. We believe that the great task of delivering a new network for the next decade is delivered through the creativity and commitment of our people. The Juniper Way is the commitment to all our colleagues that the culture and company inspire their best work-their life's work. At Juniper we believe this is more than a job - it's an opportunity to help change the world...",False,Sunnyvale,CA,37.36883,-122.03635,"['health_insurance', 'retirement_savings', 'paid_time_off']","{'no_experience_required': False, 'required_experience_in_months': 6, 'experience_mentioned': True, 'experience_preferred': False}",,"{'postgraduate_degree': False, 'professional_certification': False, 'high_school': False, 'associates_degree': False, 'bachelors_degree': False, 'degree_mentioned': True, 'degree_preferred': False, 'professional_certification_mentioned': False}",False,"{'Qualifications': [""Bachelor's degree with 6 months to 1 year of industry experience"", 'Experience in a least one area of Machine Learning (NLP, Regression, Classification, Clustering, or Anomaly Detection)', 'Experience with fairness in machine learning and artificial intelligence to detect and remove bias in ML/AI systems', 'Knowledge of architecting and building cloud native services/applications at scale, based on microservices and event-driven architectures, with both relational, NoSQL & distributed databases', 'Understanding of architecting applications that are reliable, scalable and secure', 'Proficient in Python', 'Own and validate KPIs to measure model quality and impact at scale', 'Knowledge of applying statistical models for large-scale application and building automated analytical systems experience', 'Have at least one full product lifecycle experience (concept to ship) of an AI based service/application', 'Awareness of building high scale and high-performance distributed systems', 'Knowledge of working with Stream processing systems like AWS Kinesis and AI platforms like Amazon SageMaker', 'Working knowledge of platforms such as AWS, Azure, GCP, VMWare and/or Kubernetes'], 'Responsibilities': ['In this role, you will work with our product developers, cross-functional engineering teams, and domain experts to define solutions that leverage statistical & deep learning technologies, build and execute on strategic product roadmaps, and design architectures to scale these solutions across our global customer base', 'Help architect microservices and applications that leverage data & ML/AI to build and deliver differentiated full stack observability and analytics solutions', 'Lead technical efforts through all phases of the software development process - from early design phases through to customers and support', 'Collaborate cross-functionally and cross-product to make major improvements to our platform and services', 'Help shape our engineering practices through a broad approach to engineering quality (consistent and thoughtful patterns, improved observability, unit and integration testing, etc.)', 'Develop for developers through APIs and services that allow for extensibility', 'Participate in innovation time to build features for our customers and tools for our engineering teams'], 'Benefits': ['Minimum Salary: $90,000.00', 'Maximum Salary:$138,000.00', 'The pay range for this position is expected to be between $90,000.00 and $138,000.00/year; however, the base pay offered may vary depending on multiple individualized factors, including market location, job-related knowledge, skills, and experience', 'The total compensation package for this position also includes medical benefits, 401(k) eligibility, vacation, sick time, and parental leave', 'If hired, employee will be in an ""at-will position"" and the Company reserves the right to modify base salary (as well as any other payment or compensation program) at any time, including for reasons related to individual performance, Company or individual department/team performance, and market factors']}","Sunnyvale, CA","AI Ops Engineer|Sunnyvale, CA|Juniper Networks",,,,,0.0,False
"Distinguished, Software Engineer - Generative AI & Assistants",Walmart,https://animationvisarts.com/wp-content/uploads/2020/08/Walmart-logo-2008-Now.jpg,https://www.walmart.com,Retail,Prime Job Link,FULLTIME,https://primejoblink.com/jobslistings/n5i0bo2jgme8-7a5ba6542ca03ef3-993f3286585-7f88a,"LocationSUNNYVALE, CACareer AreaSoftware Development and EngineeringJob FunctionSoftware Engineering and ArchitectureEmployment TypeRegular/PermanentPosition TypeSalaryRequisitionWD1825641 What you'll do at Position Summary...What you'll do...SummaryThe Conversational AI team at Walmart builds and deploys core AI assistant experiences across Walmart. The team owns the main ""shopping assistant"" for the largest retailer in the country and builds the core AI platform on employee assistants for the largest private workforce is built. With tens of millions of active users across multiple countries these are among the largest vertical AI assistant experiences in the industry.We are looking for a Distinguished Engineer to lead the next evolution of the AI assistant platform by defining and building highly scalable Generative AI systems and infrastructure. This will be a hands-on technical leadership role which requires expertise at the intersection of large-scale distributed systems, machine learning, LLMs and more. Our AI assistants are rapidly incorporating LLMs and agent based architecture with custom fine tuned models.You can see more about the work our team does here in these article: What you'll do:In this role, as a technical lead you will own the technical architecture and roadmap for the Conversational AI platform and Shopping Assistant. The list of responsibilities includeDefine the AI assistant architecture leveraging generative AI in a rapidly evolving ecosystemPartner with multiple teams as the senior platform architect and evangelize the architecture, enable integrations and support development of new AI assistantsBe up-to date on industry trends in the lates generative AI and AI assistant architecture patterns (eg: agent chaining, COT, RAG, LLM guardrails etc)Work with the applied scientists, ML engineers, software engineers and product managers to develop next generation of AI assistant experiences.Be a thought leader of new GenAI capabilities, build prototypes to show case applications and evangelize with senior leaders and business partners.Benchmarking industry against internal processes and solutions defining software development guidelines, standards, and processes sponsoring, developing, and influencing continuous improvement initiatives and experiments with innovative technologies evaluating and negotiating with external vendors and services Oversee large-scale, complex, cross-functional projects by translating strategies and requirements into technical solutionsReview and improve the teams operation excellence posture and identify improvement in engineering processesPartner closely with engineering directors and engineering managers to recruit, develop and retain the teams engineering staffs or experts in the owned cross cutting area.What you'll bring:Extensive experience in the design, development, and delivery of software products with a large customer base, preferably in Conversational AI or machine learning based systemsDeep and demonstrated personal interest in generative AI space including awareness of latest architectural advancements in building generative AI applicationsStrong track record in an architect role with large-scale software development data backed services and applications. A clear vision for architecture design and great communication skills to articulate that to all levels of stakeholders.Excellent decision-making skills with the ability to balance conflicting interests in a complex and fast-paced environment. Thorough understanding of distributed technologies, public cloud technologies, scalable platforms, ML- platforms and Operational Excellence.Experience working with geographically distributed teams.Business acumen; combining technical vision with business insights.About Walmart Global TechImagine working in an environment where one line of code can make life easier for hundreds of millions of people. That’s what we do at Walmart Global Tech. We’re a team of software engineers, data scientists, cybersecurity expert's and service professionals within the world’s leading retailer who make an epic impact and are at the forefront of the next retail disruption. People are why we innovate, and people power our innovations. We are people-led and tech-empowered. We train our team in the skillsets of the future and bring in experts like you to help us grow. We have roles for those chasing their first opportunity as well as those looking for the opportunity that will define their career. Here, you can kickstart a great career in tech, gain new skills and experience for virtually every industry, or leverage your expertise to innovate at scale, impact millions and reimagine the future of retail.Flexible, hybrid work:We use a hybrid way of working that is primarily in office coupled with virtual when not onsite. Our campuses serve as a hub to enhance collaboration, bring us together for purpose and deliver on business needs. This approach helps us make quicker decisions, remove location barriers across our global team and be more flexible in our personal lives.Benefits:Benefits: Beyond our great compensation package, you can receive incentive awards for your performance. Other great perks include 401(k) match, stock purchase plan, paid maternity and parental leave, PTO, multiple health plans, and much more.Equal Opportunity Employer:Walmart, Inc. is an Equal Opportunity Employer – By Choice. We believe we are best equipped to help our associates, customers and the communities we serve live better when we really know them. That means understanding, respecting and valuing diversity- unique styles, experiences, identities, ideas and opinions – while being inclusive of all people.The above information has been designed to indicate the general nature and level of work performed in the role. It is not designed to contain or be interpreted as a comprehensive inventory of all responsibilities and qualifications required of employees assigned to this job. The full Job Description can be made available as part of the hiring process.#LI-PL1#LI-HybridAt Walmart, we offer competitive pay as well as performance-based bonus awards and other great benefits for a happier mind, body, and wallet. Health benefits include medical, vision and dental coverage. Financial benefits include 401(k), stock purchase and company-paid life insurance. Paid time off benefits include PTO (including sick leave), parental leave, family care leave, bereavement, jury duty, and voting. Other benefits include short-term and long-term disability, company discounts, Military Leave Pay, adoption and surrogacy expense reimbursement, and more.‎ ‎ ‎ You will also receive PTO and/or PPTO that can be used for vacation, sick leave, holidays, or other purposes. The amount you receive depends on your job classification and length of employment. It will meet or exceed the requirements of paid sick leave laws, where applicable.‎ For information about PTO, see .‎ ‎ Live Better U is a Walmart-paid education benefit program for full-time and part-time associates in Walmart and Sam's Club facilities. Programs range from high school completion to bachelor's degrees, including English Language Learning and short-form certificates. Tuition, books, and fees are completely paid for by Walmart.‎ Eligibility requirements apply to some benefits and may depend on your job classification and length of employment. Benefits are subject to change and may be subject to a specific plan or program terms.‎ For information about benefits and eligibility, see One.Walmart.‎ The annual salary range for this position is $169,000.00-$338,000.00‎ Additional compensation includes annual or quarterly performance bonuses.‎ Additional compensation for certain positions may also include:‎ ‎ - Stock‎ ‎ Minimum Qualifications...Outlined below are the required minimum qualifications for this position. If none are listed, there are no minimum qualifications. Option 1: Bachelor's degree in computer science, computer engineering, computer information systems, software engineering, or related area and6 years’ experience in software engineering or related area.Option 2: 8 years’ experience in software engineering or related area.Preferred Qualifications...Outlined below are the optional preferred qualifications for this position. If none are listed, there are no preferred qualifications.Master’s degree in computer science, computer engineering, computer information systems, software engineering, or related area and 4 years' experience in software engineering or related area, We value candidates with a background in creating inclusive digital experiences, demonstrating knowledge in implementing Web Content Accessibility Guidelines (WCAG) 2.2 AA standards, assistive technologies, and integrating digital accessibility seamlessly. The ideal candidate would have knowledge of accessibility best practices and join us as we continue to create accessible products and services following Walmart’s accessibility standards and guidelines for supporting an inclusive culture.Primary Location...640 W California Avenue, Sunnyvale, CA 94086-4828, United States of America About Walmart At Walmart, we help people save money so they can live better. This mission serves as the foundation for every decision we make, from responsible sourcing to sustainability—and everything in between. As a Walmart associate, you will play an integral role in shaping the future of retail, tech, merchandising, finance and hundreds of other industries—all while affecting the lives of millions of customers all over the world. Here, your work makes an impact every day. What are you waiting for?Walmart, Inc. is an Equal Opportunity Employer- By Choice. We believe we are best equipped to help our associates, customers, and the communities we serve live better when we really know them. That means understanding, respecting, and valuing diversity- unique styles, experiences, identities, abilities, ideas and opinions- while being inclusive of all people.",False,San Francisco,CA,37.77493,-122.41942,"['dental_coverage', 'paid_time_off', 'health_insurance', 'retirement_savings']","{'no_experience_required': False, 'required_experience_in_months': 96, 'experience_mentioned': True, 'experience_preferred': True}",,"{'postgraduate_degree': False, 'professional_certification': False, 'high_school': False, 'associates_degree': False, 'bachelors_degree': False, 'degree_mentioned': True, 'degree_preferred': True, 'professional_certification_mentioned': False}",False,"{'Qualifications': ['Deep and demonstrated personal interest in generative AI space including awareness of latest architectural advancements in building generative AI applications', 'A clear vision for architecture design and great communication skills to articulate that to all levels of stakeholders', 'Excellent decision-making skills with the ability to balance conflicting interests in a complex and fast-paced environment', 'Thorough understanding of distributed technologies, public cloud technologies, scalable platforms, ML- platforms and Operational Excellence', 'Experience working with geographically distributed teams', 'Business acumen; combining technical vision with business insights', ""Option 1: Bachelor's degree in computer science, computer engineering, computer information systems, software engineering, or related area and6 years’ experience in software engineering or related area"", 'Option 2: 8 years’ experience in software engineering or related area', 'The ideal candidate would have knowledge of accessibility best practices and join us as we continue to create accessible products and services following Walmart’s accessibility standards and guidelines for supporting an inclusive culture'], 'Responsibilities': ['This will be a hands-on technical leadership role which requires expertise at the intersection of large-scale distributed systems, machine learning, LLMs and more', 'Define the AI assistant architecture leveraging generative AI in a rapidly evolving ecosystem', 'Partner with multiple teams as the senior platform architect and evangelize the architecture, enable integrations and support development of new AI assistants', 'Be up-to date on industry trends in the lates generative AI and AI assistant architecture patterns (eg: agent chaining, COT, RAG, LLM guardrails etc)Work with the applied scientists, ML engineers, software engineers and product managers to develop next generation of AI assistant experiences.Be a thought leader of new GenAI capabilities, build prototypes to show case applications and evangelize with senior leaders and business partners', 'Benchmarking industry against internal processes and solutions defining software development guidelines, standards, and processes sponsoring, developing, and influencing continuous improvement initiatives and experiments with innovative technologies evaluating and negotiating with external vendors and services Oversee large-scale, complex, cross-functional projects by translating strategies and requirements into technical solutions', 'Review and improve the teams operation excellence posture and identify improvement in engineering processes', 'Partner closely with engineering directors and engineering managers to recruit, develop and retain the teams engineering staffs or experts in the owned cross cutting area', ""What you'll bring:Extensive experience in the design, development, and delivery of software products with a large customer base, preferably in Conversational AI or machine learning based systems""], 'Benefits': ['This approach helps us make quicker decisions, remove location barriers across our global team and be more flexible in our personal lives.Benefits:Benefits: Beyond our great compensation package, you can receive incentive awards for your performance', 'Other great perks include 401(k) match, stock purchase plan, paid maternity and parental leave, PTO, multiple health plans, and much more', 'Health benefits include medical, vision and dental coverage', 'Financial benefits include 401(k), stock purchase and company-paid life insurance', 'Paid time off benefits include PTO (including sick leave), parental leave, family care leave, bereavement, jury duty, and voting', 'Other benefits include short-term and long-term disability, company discounts, Military Leave Pay, adoption and surrogacy expense reimbursement, and more.\u200e \u200e \u200e You will also receive PTO and/or PPTO that can be used for vacation, sick leave, holidays, or other purposes', 'The amount you receive depends on your job classification and length of employment', ""It will meet or exceed the requirements of paid sick leave laws, where applicable.\u200e For information about PTO, see .\u200e \u200e Live Better U is a Walmart-paid education benefit program for full-time and part-time associates in Walmart and Sam's Club facilities"", 'Tuition, books, and fees are completely paid for by Walmart.\u200e Eligibility requirements apply to some benefits and may depend on your job classification and length of employment', 'Benefits are subject to change and may be subject to a specific plan or program terms.\u200e For information about benefits and eligibility, see One.Walmart.\u200e The annual salary range for this position is $169,000.00-$338,000.00\u200e Additional compensation includes annual or quarterly performance bonuses.\u200e Additional compensation for certain positions may also include:\u200e \u200e - Stock\u200e \u200e Minimum Qualifications...Outlined below are the required minimum qualifications for this position']}","San Francisco, CA","Distinguished, Software Engineer - Generative AI & Assistants|San Francisco, CA|Walmart",,,,,0.0,False
AI Engineer,Diverse Lynx,https://prod-file-upload-store.s3.amazonaws.com/0XyiwpDMSTG5Piomqn0K_6460b6f687080e26f1c0ba43f0fbc060.jpg,http://www.diverselynx.com,,Hire Currently,FULLTIME,https://hirecurrently.com/viewjob/3a7cl4i1b9u6-707259f88ab80f2a2c-8b64cb71fb14bc,"AI+HPC infra requirement
looking for someone with Architectural and design experience also along with experience in handling 1000+ nodes.
Technical/Functional Skills -
• Proficiency in RoCEv2, K8s, KVM, Ubuntu, Python, Shell, Go, Rust, GPU drivers, and Cluster interconnect with 200G/400G networking.
Managing GPU clusters optimizing GPU-based services/tools/software Roles & Responsibilities -
• Develop, implement, and maintain GPU-based clusters of 10 to 1000 nodes, ensuring optimal performance and availability.
• Administer Client/AI platforms - Distributed Client services, LLMs, Vector-DB and AI inferencing, by managing deployments, resource allocation, monitoring, and security.
• Collaborate with cross-functional teams to address AI infrastructure requirements, support AI-related projects, and provide technical expertise.
• Monitor and evaluate the performance of AI systems and clusters, ensuring that they adhere to industry best practices and meet company standards.
• Compile reports, document procedures, and publish recommendations for improving AI infrastructure and solutions.
• Use AI/Client to continuously improve internal processes and tools that are used in end-to-end delivery of your services in this team
Diverse Lynx LLC is an Equal Employment Opportunity employer. All qualified applicants will receive due consideration for employment without any discrimination. All applicants will be evaluated solely on the basis of their ability, competence and their proven capability to perform the functions outlined in the corresponding role. We promote and support a diverse workforce across all levels in the company.",False,Cupertino,CA,37.322998,-122.03218,,"{'no_experience_required': False, 'required_experience_in_months': None, 'experience_mentioned': True, 'experience_preferred': False}",,"{'postgraduate_degree': False, 'professional_certification': False, 'high_school': False, 'associates_degree': False, 'bachelors_degree': False, 'degree_mentioned': False, 'degree_preferred': False, 'professional_certification_mentioned': False}",False,"{'Qualifications': ['looking for someone with Architectural and design experience also along with experience in handling 1000+ nodes', 'Proficiency in RoCEv2, K8s, KVM, Ubuntu, Python, Shell, Go, Rust, GPU drivers, and Cluster interconnect with 200G/400G networking'], 'Responsibilities': ['Managing GPU clusters optimizing GPU-based services/tools/software Roles & Responsibilities -', 'Develop, implement, and maintain GPU-based clusters of 10 to 1000 nodes, ensuring optimal performance and availability', 'Administer Client/AI platforms - Distributed Client services, LLMs, Vector-DB and AI inferencing, by managing deployments, resource allocation, monitoring, and security', 'Collaborate with cross-functional teams to address AI infrastructure requirements, support AI-related projects, and provide technical expertise', 'Monitor and evaluate the performance of AI systems and clusters, ensuring that they adhere to industry best practices and meet company standards', 'Compile reports, document procedures, and publish recommendations for improving AI infrastructure and solutions', 'Use AI/Client to continuously improve internal processes and tools that are used in end-to-end delivery of your services in this team']}","Cupertino, CA","AI Engineer|Cupertino, CA|Diverse Lynx",,,,,0.0,False
Senior Lead Engineer - Generative AI Infrastructure,Capital One,https://www.capitalone.com/assets/shell/apple-touch-icon.png,http://www.capitalone.com,Finance,Aspire Hire Zone,FULLTIME,https://aspirehirezone.com/viewcareers/ch3e2t2s1rif-16844a9f439931088c5908f-6ff-035365,"NYC 299 Park Avenue (22957), United States of America, New York, New YorkSenior Lead Engineer - Generative AI Infrastructure (Remote-Eligible)

Our mission at Capital One is to create trustworthy, reliable and human-in-the-loop AI systems, changing banking for good. For years, Capital One has been leading the industry in using machine learning to create real-time, intelligent, automated customer experiences. From informing customers about unusual charges to answering their questions in real time, our applications of AI & ML are bringing humanity and simplicity to banking. Because of our investments in public cloud infrastructure and machine learning platforms, we are now uniquely positioned to harness the power of AI. We are committed to building world-class applied science and engineering teams and continue our industry leading capabilities with breakthrough product experiences and scalable, high-performance AI infrastructure. At Capital One, you will help bring the transformative power of emerging AI capabilities to reimagine how we serve our customers and businesses who have come to love the products and services we build.

We are looking for an experienced Sr. Lead Engineer, Generative AI Infrastructure to help us build the foundations of our AI capabilities. You will work on a wide range of initiatives, whether that’s building large-scale distributed training clusters, or deploying LLMs on GPU instances for real-time applications and decisioning systems, or supporting cutting-edge AI research and development, all in our public cloud infrastructure. You will work closely with our cloud and container infrastructure teams as well as our world-class team of AI researchers to design and implement key capabilities. Examples of projects you will work on:
• Deploy a thousand-node training cluster optimizing storage and networking stack, with tightly coupled training pipelines to take advantage of multiple parallelism strategies, in our public cloud.
• Design and build fault-tolerant infrastructure to support long-running large-scale training tasks reliably despite failure of individual nodes, using containers and check-pointing libraries.
• Design and build run-time infrastructure for serving large ML models such as LLMs and FMs in our public cloud.
• Build infrastructure for deploying search indexes and embeddings in vector databases that will work closely with the rest of our capabilities.

Capital One is open to hiring a Remote Employee for this opportunity

Basic Qualifications:
• Bachelor's degree in Computer Science, Computer Engineering or a technical field
• At least 8 years of experience designing and building data-intensive solutions using distributed computing
• At least 8 years of experience programming with Python, Go, Scala, or Java
• At least 1 year of experience with HPCs, vector embedding, or semantic search technologies
• At least 1 year of experience building, scaling, and optimizing training or inferencing systems for deep neural networks

Preferred Qualifications:
• Master's or Doctoral degree in Computer science, Computer Engineering, Electrical engineering, Mathematics, or a similar field.
• Background in machine learning with experience in large scale training and deployment of deep neural nets and/or transformer architectures.
• Experience with machine learning frameworks such as TensorFlow or Pytorch, Lightning, Mosaic ML etc.
• Ability to move fast in an environment with ambiguity at times, and with competing priorities and deadlines.
• Experience at tech and product-driven companies/startups preferred.
• Ability to iterate rapidly with researchers and engineers to improve a product experience while building the foundational capabilities.
• Familiarity with deploying large neural network models in demanding production environments.
• Experience with building GPU clusters in the public cloud with tightly-coupled storage and networking.

Capital One will consider sponsoring a new qualified applicant for employment authorization for this position.

The minimum and maximum full-time annual salaries for this role are listed below, by location. Please note that this salary information is solely for candidates hired to perform work within one of these locations, and refers to the amount Capital One is willing to pay at the time of this posting. Salaries for part-time roles will be prorated based upon the agreed upon number of hours to be regularly worked.
New York City (Hybrid On-Site): $234,700 - $267,900 for Sr. Lead Machine Learning EngineerSan Francisco, California (Hybrid On-Site): $248,700 - $283,800 for Sr. Lead Machine Learning EngineerRemote (Regardless of Location): $198,900 - $227,000 for Sr. Lead Machine Learning Engineer

Candidates hired to work in other locations will be subject to the pay range associated with that location, and the actual annualized salary amount offered to any candidate at the time of hire will be reflected solely in the candidate’s offer letter.
This role is also eligible to earn performance based incentive compensation, which may include cash bonus(es) and/or long term incentives (LTI). Incentives could be discretionary or non discretionary depending on the plan.

Capital One offers a comprehensive, competitive, and inclusive set of health, financial and other benefits that support your total well-being. Learn more at theCapital One Careers website. Eligibility varies based on full or part-time status, exempt or non-exempt status, and management level.

This role is expected to accept applications for a minimum of 5 business days.No agencies please. Capital One is an equal opportunity employer committed to diversity and inclusion in the workplace. All qualified applicants will receive consideration for employment without regard to sex (including pregnancy, childbirth or related medical conditions), race, color, age, national origin, religion, disability, genetic information, marital status, sexual orientation, gender identity, gender reassignment, citizenship, immigration status, protected veteran status, or any other basis prohibited under applicable federal, state or local law. Capital One promotes a drug-free workplace. Capital One will consider for employment qualified applicants with a criminal history in a manner consistent with the requirements of applicable laws regarding criminal background inquiries, including, to the extent applicable, Article 23-A of the New York Correction Law; San Francisco, California Police Code Article 49, Sections 4901-4920; New York City’s Fair Chance Act; Philadelphia’s Fair Criminal Records Screening Act; and other applicable federal, state, and local laws and regulations regarding criminal background inquiries.

If you have visited our website in search of information on employment opportunities or to apply for a position, and you require an accommodation, please contact Capital One Recruiting at 1-800-304-9102 or via email at RecruitingAccommodation@capitalone.com. All information you provide will be kept confidential and will be used only to the extent required to provide needed reasonable accommodations.

For technical support or questions about Capital One's recruiting process, please send an email to Careers@capitalone.com

Capital One does not provide, endorse nor guarantee and is not liable for third-party products, services, educational tools or other information available through this site.

Capital One Financial is made up of several different entities. Please note that any position posted in Canada is for Capital One Canada, any position posted in the United Kingdom is for Capital One Europe and any position posted in the Philippines is for Capital One Philippines Service Corp. (COPSSC).",False,Scotts Valley,CA,37.070282,-122.01555,['health_insurance'],"{'no_experience_required': False, 'required_experience_in_months': 96, 'experience_mentioned': True, 'experience_preferred': True}",,"{'postgraduate_degree': False, 'professional_certification': False, 'high_school': False, 'associates_degree': False, 'bachelors_degree': False, 'degree_mentioned': True, 'degree_preferred': True, 'professional_certification_mentioned': False}",False,"{'Qualifications': [""Bachelor's degree in Computer Science, Computer Engineering or a technical field"", 'At least 8 years of experience designing and building data-intensive solutions using distributed computing', 'At least 8 years of experience programming with Python, Go, Scala, or Java', 'At least 1 year of experience with HPCs, vector embedding, or semantic search technologies', 'At least 1 year of experience building, scaling, and optimizing training or inferencing systems for deep neural networks'], 'Responsibilities': ['Deploy a thousand-node training cluster optimizing storage and networking stack, with tightly coupled training pipelines to take advantage of multiple parallelism strategies, in our public cloud', 'Design and build fault-tolerant infrastructure to support long-running large-scale training tasks reliably despite failure of individual nodes, using containers and check-pointing libraries', 'Design and build run-time infrastructure for serving large ML models such as LLMs and FMs in our public cloud', 'Build infrastructure for deploying search indexes and embeddings in vector databases that will work closely with the rest of our capabilities'], 'Benefits': ['Salaries for part-time roles will be prorated based upon the agreed upon number of hours to be regularly worked', 'Candidates hired to work in other locations will be subject to the pay range associated with that location, and the actual annualized salary amount offered to any candidate at the time of hire will be reflected solely in the candidate’s offer letter', 'This role is also eligible to earn performance based incentive compensation, which may include cash bonus(es) and/or long term incentives (LTI)', 'Incentives could be discretionary or non discretionary depending on the plan', 'Capital One offers a comprehensive, competitive, and inclusive set of health, financial and other benefits that support your total well-being']}","Scotts Valley, CA","Senior Lead Engineer - Generative AI Infrastructure|Scotts Valley, CA|Capital One",,,,,0.0,False
Executive Assistant to the CEO,Snorkel AI,https://lsvp.com/wp-content/uploads/2023/03/Snorkel-AI.png?1708197663,http://snorkel.ai,,LinkedIn,FULLTIME,https://www.linkedin.com/jobs/view/executive-assistant-to-the-ceo-at-snorkel-ai-3957703339,"We’re on a mission to democratize AI by building the definitive AI data development platform. The AI landscape has gone through incredible change between 2016, when Snorkel started as a research project in the Stanford AI Lab, to the generative AI breakthroughs of today. But one thing has remained constant: the data you use to build AI is the key to achieving differentiation, high performance, and production-ready systems. We work with some of the world’s largest organizations to empower scientists, engineers, financial experts, product creators, journalists, and more to build custom AI with their data faster than ever before. Excited to help us redefine how AI is built? Apply to be the newest Snorkeler!

Executive Assistant to the CEO

Location : Hybrid - 3x per week minimum in our Redwood City office.

Position Overview

Snorkel is seeking an experienced EA to directly support our CEO and more broadly our entire Exec team through additional team effectiveness responsibilities. This role will be a critical member of our Executive office and will be instrumental in ensuring the Executives at Snorkel are operating in a maximized way. This role will partner directly with the CEO, Alex Ratner, on his calendar and day-to-day priorities, but will also lean in on broader operational support for planning, special projects and meeting management.

The salary range for our preferred location of the Bay Area is $130-$200K.

Key Responsibilities

This role reports into the VP of People, and will focus on:
• Calendar Management: Proactively manage the CEO's schedule, including scheduling meetings, coordinating travel arrangements, and prioritizing appointments.
• Email and Communication: Screen, prioritize, and manage the CEO's email, ensuring important matters are addressed promptly.
• Information Management: Research, prepare, and organize information to assist the CEO in making informed decisions.
• Meeting Coordination: Plan, organize, and lead executive team meetings, prepare agendas, and follow up on action items.
• Information Flow & Internal Comms: Establish efficient communication channels between the CEO and various departments, ensuring information flows smoothly. Lead the content flow for Compass Meetings and for All Hands.
• Special Projects: Lead and execute special projects assigned by the CEO or executive team.

Qualifications
• Bachelor's degree in Business Administration, Management, or a related field (or equivalent experience).
• 5-10 years as an executive assistant to a CEO, preferably in a software or startup environment.
• Exceptional organizational skills and the ability to multitask.
• Strong written and verbal communication skills.
• Ability to operate autonomously and act proactively to get answers, context or direction when needed.
• Proven track record of influencing Executives - both in an EA role and from a project perspective
• High level of professionalism, discretion, and integrity.
• Strategic thinking and problem-solving abilities.
• Proficiency in productivity tools, including G suite
• Ability to work independently and under pressure, with a strong sense of responsibility.

Why Join Snorkel AI?

Snorkel AI is on a mission to make machine learning practical for everyone, and it starts with building a team that welcomes, represents and gives opportunity to all. We work at the frontier of AI and software engineering, and believe that underrepresented communities need to play a part in shaping the future of these fields. At Snorkel AI, we actively work to create an environment that values end-to-end ownership, diverse forms of impact, and opportunities for personal growth.

Snorkelers are supported by an amazing team and an amazing set of benefits. We offer comprehensive medical, dental, and vision plans for Snorkelers and their families, plus a yearly wellness stipend. And our parental leave program lets new parents take up to 20 weeks of paid time off. Learn more about these benefits on our Careers page.

Snorkel AI is proud to be an Equal Employment Opportunity employer and is committed to building a team that represents a variety of backgrounds, perspectives, and skills. Snorkel AI embraces diversity and provides equal employment opportunities to all employees and applicants for employment. Snorkel AI prohibits discrimination and harassment of any type on the basis of race, color, religion, age, sex, national origin, disability status, genetics, protected veteran status, sexual orientation, gender identity or expression, or any other characteristic protected by federal, state, or local law. All employment is decided on the basis of qualifications, performance, merit, and business need.

We will ensure that individuals with disabilities are provided reasonable accommodation to participate in the job application or interview process, to perform essential job functions, and to receive other benefits and privileges of employment. Please contact us to request accommodation.

Be Your Best At Snorkel

Snorkel AI is on a mission to make machine learning practical for everyone, and it starts with building a team that welcomes, represents and gives opportunity to all. We work at the frontier of AI and software engineering, and believe that underrepresented communities need to play a part in shaping the future of these fields. At Snorkel AI, we actively work to create an environment that values end-to-end ownership, diverse forms of impact, and opportunities for personal growth.

Snorkelers are supported by an amazing team and an amazing set of benefits. We offer comprehensive medical, dental, and vision plans for Snorkelers and their families, plus a yearly wellness stipend. Our 401k program lets Snorkelers plan for their future and our parental leave program lets new parents take up to 20 weeks of paid time off. Learn more about these benefits and more — like our workstation setup allowance — on our Careers page.

Snorkel AI is proud to be an Equal Employment Opportunity employer and is committed to building a team that represents a variety of backgrounds, perspectives, and skills. Snorkel AI embraces diversity and provides equal employment opportunities to all employees and applicants for employment. Snorkel AI prohibits discrimination and harassment of any type on the basis of race, color, religion, age, sex, national origin, disability status, genetics, protected veteran status, sexual orientation, gender identity or expression, or any other characteristic protected by federal, state, or local law. All employment is decided on the basis of qualifications, performance, merit, and business need.

We will ensure that individuals with disabilities are provided reasonable accommodation to participate in the job application or interview process, to perform essential job functions, and to receive other benefits and privileges of employment. Please contact us to request accommodation.",False,Redwood City,CA,37.484795,-122.22814,"['health_insurance', 'paid_time_off', 'dental_coverage', 'retirement_savings']","{'no_experience_required': False, 'required_experience_in_months': None, 'experience_mentioned': True, 'experience_preferred': False}",,"{'postgraduate_degree': False, 'professional_certification': False, 'high_school': False, 'associates_degree': True, 'bachelors_degree': False, 'degree_mentioned': True, 'degree_preferred': True, 'professional_certification_mentioned': False}",False,"{'Qualifications': [""Bachelor's degree in Business Administration, Management, or a related field (or equivalent experience)"", '5-10 years as an executive assistant to a CEO, preferably in a software or startup environment', 'Exceptional organizational skills and the ability to multitask', 'Strong written and verbal communication skills', 'Ability to operate autonomously and act proactively to get answers, context or direction when needed', 'Proven track record of influencing Executives - both in an EA role and from a project perspective', 'High level of professionalism, discretion, and integrity', 'Strategic thinking and problem-solving abilities', 'Proficiency in productivity tools, including G suite', 'Ability to work independently and under pressure, with a strong sense of responsibility'], 'Responsibilities': ['This role will be a critical member of our Executive office and will be instrumental in ensuring the Executives at Snorkel are operating in a maximized way', 'This role reports into the VP of People, and will focus on:', ""Calendar Management: Proactively manage the CEO's schedule, including scheduling meetings, coordinating travel arrangements, and prioritizing appointments"", ""Email and Communication: Screen, prioritize, and manage the CEO's email, ensuring important matters are addressed promptly"", 'Information Management: Research, prepare, and organize information to assist the CEO in making informed decisions', 'Meeting Coordination: Plan, organize, and lead executive team meetings, prepare agendas, and follow up on action items', 'Information Flow & Internal Comms: Establish efficient communication channels between the CEO and various departments, ensuring information flows smoothly', 'Lead the content flow for Compass Meetings and for All Hands', 'Special Projects: Lead and execute special projects assigned by the CEO or executive team'], 'Benefits': ['The salary range for our preferred location of the Bay Area is $130-$200K', 'We offer comprehensive medical, dental, and vision plans for Snorkelers and their families, plus a yearly wellness stipend', 'Our 401k program lets Snorkelers plan for their future and our parental leave program lets new parents take up to 20 weeks of paid time off']}","Redwood City, CA","Executive Assistant to the CEO|Redwood City, CA|Snorkel AI",,,,,0.0,False
Solutions Principal - Conversational Gen AI Consultant (Presales),Dell,https://i.dell.com/is/image/DellContent/content/dam/images/logos/dell-technologies/stacked/digital/delltech-logo-stk-blue-rgb.png,http://www.dell.com,Manufacturing,Women For Hire- Job Board,FULLTIME,https://jobs.womenforhire.com/job/san-gabriel-ca/solutions-principal-conversational-gen-ai-consultant-presales-925210/,"Solutions Principal - Conversational Gen AI Consultant (Presales)

Help Dell Technologies customize AI/ML (Artificial Intelligence/Machine Learning) solutions for some of the largest aerospace, financial, healthcare, high technology, insurance, and manufacturing businesses in the world. You will have the opportunity to present to some of the greatest minds in the IT industry. The AI/ML/Data Solution Principal is expected to spend approximately 70% of their time working service-led sales pursuits with the Services sales team and delivery organizations, 15% of time in demand generation activities with the sales organization, and 15% of time growing proficiency in the Dell Technologies services offerings to enable continued growth and success in the role.

Join us to do the best work of your career and make a profound social impact as a Solutions Principal - Conversational Gen AI Consultant (Presales) on our Solutions Principal Team in Round Rock, Texas (Remote locations may considered)

What you’ll achieve

Our AI/ML/Data Solution Principal roles are strategic, creative, outgoing pre-sales professionals with a passion for technology evangelism, sales, and custom solution development. Our AI/ML/Data Solution Principal lives in the global ecosystem between sales leadership and services delivery as a strategic partner. You will be architecting and evangelizing AI/ML technology solutions across multiple sales teams here at Dell.

You Will:
• Partner with the core sales organizations to articulate our unique perspective on AI GTM service solutions and credentialing our delivery capabilities using success stories to meet customer needs.
• Gather, document, and Architect customer-specific scope requirements and expectations for value-based outcomes in coordination with both the Services Sales Executives (SSEs) & Core teams.
• Collaborate with other Solutions Principals within the Solutioning Team organizations, Delivery and Subject Matter Experts, as well as other business partners to develop solution proposals to satisfy customer specific scope requirements and value-based outcomes.
• Guide sales pursuits and ensure compliance with pursuit management processes and governance model driving transition of customer awarded Statements of Work and expectations to Dell EMC Delivery Teams, as well as participating during internal project kickoffs.
• Manage and communicate status on the portfolio of assigned sales pursuits in salesforce.com, as well as consistently and effectively managing expectations on what is needed and when a quality work product can be delivered to the customer.
Participate on Dell EMC Product Group calls to provide feedback on what is or isn’t resonating for assigned marketplace, as well as insights on potential new solutions and offers to consider.

Take the first step towards your dream career

Every Dell Technologies team member brings something unique to the table. Here’s what we are looking for with this role:

Essential Requirements
• BA or BS degree in Computer Science and hands-on experience with IT Transformation concepts.
• Understanding of emerging technologies, trends and solutions (i.e. AI/ML and Data science, Converged and Hyper-Converged Infrastructure, Public or Private Clouds, X-as-a-Service, etc.).
• A high degree of learning agility; passionate about learning and mastering new concepts quickly; good research skills & a strong and persuasive sales-oriented personality that can partner with and influence the Dell Sales Teams, the Solutioning Team and Delivery Teams to position and win services business.
• Excellent communication skills including active listening, proposal and statement of work writing, and delivery of white board or formal presentations.
• Demonstrated ability to work in a fast-paced, highly matrix organization with a strong desire to lead diverse teams thru multiple sales campaigns to completion.

Desired Skills and Experience
• 10+ years of pre-sales support and/or delivery experience in a consulting or professional services environment to include experience writing Statements of Work for customers and sub-contracts with partners.
• Comfortable with frequent travel throughout the assigned Theater to support sales campaigns, customer briefings, and training with all customer types including multi-national organizations.

Who we are

We believe that each of us has the power to make an impact. That’s why we put our team members at the center of everything we do. If you’re looking for an opportunity to grow your career with some of the best minds and most advanced tech in the industry, we’re looking for you.

Dell Technologies is a unique family of businesses that helps individuals and organizations transform how they work, live and play. Join us to build a future that works for everyone because Progress Takes All of Us.

Application closing date: June 15, 2024

Dell Technologies is committed to the principle of equal employment opportunity for all employees and to providing employees with a work environment free of discrimination and harassment. Read the full Equal Employment Opportunity Policy here.
Job ID:R246617

Dell’s Flexible & Hybrid Work Culture

At Dell Technologies, we believe our best work is done when flexibility is offered.

We know that freedom and flexibility are crucial to all our employees no matter where you are located and our flexible and hybrid work style allows team members to have the freedom to ideate, be innovative, and drive results their way. To learn more about our work culture, please visit our locations page.",False,San Gabriel,CA,34.09611,-118.105835,,"{'no_experience_required': False, 'required_experience_in_months': 120, 'experience_mentioned': True, 'experience_preferred': False}",,"{'postgraduate_degree': False, 'professional_certification': False, 'high_school': False, 'associates_degree': False, 'bachelors_degree': False, 'degree_mentioned': True, 'degree_preferred': True, 'professional_certification_mentioned': False}",False,"{'Qualifications': ['BA or BS degree in Computer Science and hands-on experience with IT Transformation concepts', 'Understanding of emerging technologies, trends and solutions (i.e. AI/ML and Data science, Converged and Hyper-Converged Infrastructure, Public or Private Clouds, X-as-a-Service, etc.)', 'A high degree of learning agility; passionate about learning and mastering new concepts quickly; good research skills & a strong and persuasive sales-oriented personality that can partner with and influence the Dell Sales Teams, the Solutioning Team and Delivery Teams to position and win services business', 'Excellent communication skills including active listening, proposal and statement of work writing, and delivery of white board or formal presentations', 'Demonstrated ability to work in a fast-paced, highly matrix organization with a strong desire to lead diverse teams thru multiple sales campaigns to completion'], 'Responsibilities': ['Partner with the core sales organizations to articulate our unique perspective on AI GTM service solutions and credentialing our delivery capabilities using success stories to meet customer needs', 'Gather, document, and Architect customer-specific scope requirements and expectations for value-based outcomes in coordination with both the Services Sales Executives (SSEs) & Core teams', 'Collaborate with other Solutions Principals within the Solutioning Team organizations, Delivery and Subject Matter Experts, as well as other business partners to develop solution proposals to satisfy customer specific scope requirements and value-based outcomes', 'Guide sales pursuits and ensure compliance with pursuit management processes and governance model driving transition of customer awarded Statements of Work and expectations to Dell EMC Delivery Teams, as well as participating during internal project kickoffs', 'Manage and communicate status on the portfolio of assigned sales pursuits in salesforce.com, as well as consistently and effectively managing expectations on what is needed and when a quality work product can be delivered to the customer', 'Participate on Dell EMC Product Group calls to provide feedback on what is or isn’t resonating for assigned marketplace, as well as insights on potential new solutions and offers to consider']}","San Gabriel, CA","Solutions Principal - Conversational Gen AI Consultant (Presales)|San Gabriel, CA|Dell",,,,,0.0,False
Senior Engineer - Generative AI Product Engineer,Capital One,https://www.capitalone.com/assets/shell/apple-touch-icon.png,http://www.capitalone.com,Finance,Recruit.net,FULLTIME,https://www.recruit.net/job/engineer-generative-ai-product-engineer-jobs/85B3EA6D94BC96E2,"Center 1 (19052), United States of America, McLean, Virginia

Senior Engineer - Generative AI Product Engineer

Senior Engineer - Generative AI Product Engineering

Our mission at Capital One is to create trustworthy, reliable and human-in-the-loop AI systems, changing banking for good. For years, Capital One has been leading the industry in using machine learning to create real-time, intelligent, automated customer experiences. From informing customers about unusual charges to answering their questions in real time, our applications of AI & ML are bringing humanity and simplicity to banking. Because of our investments in public cloud infrastructure and machine learning platforms, we are now uniquely positioned to harness the power of AI. We are committed to building world-class applied science and engineering teams and continue our industry leading capabilities with breakthrough product experiences and scalable, high-performance AI infrastructure. At Capital One, you will help bring the transformative power of emerging AI capabilities to reimagine how we serve our customers and businesses who have come to love the products and services we build.

We are looking for an experienced Senior Generative AI Engineer to help build and maintain APIs and SDKs to train, fine-tune and access AI models at scale. You will work as part of our Enterprise AI team and build systems that will enable our users to work with Large-Language Models (LLMs) and Foundation Models (FMs), using our public cloud infrastructure. You will work with a team of world-class AI engineers and researchers to design and implement key API products and services that enable real-time customer-facing applications. Examples of projects you will work on include:
• Architect, build and deploy well-managed core APIs and SDKs to access LLMs and our proprietary FMs including training, fine-tuning and prompting tasks, including orchestration SDKs.
• Design APIs for performance, real-time applications, scale, ease of use and governance automation.
• Develop application-specific interfaces that leverage LLMs and FMs to continue to enhance the associate and customer experience.
• Enable our users to build new GenAI capabilities.
• Develop tools and processes to monitor API access patterns and operational health.
• Design and implement AI safety and guardrails in the API layer working closely with researchers.

Basic Qualifications:
• Bachelor’s degree in Computer Science, Computer Engineering or a technical field
• At least 4 years of experience designing and building and deploying ML application platforms.
• At least 4 years of experience programming with Python, Go, Scala, or Java
• At least 1 year of experience building, scaling, and optimizing training or inferencing systems for deep neural networks

Preferred Qualifications:
• Familiarity with building large-scale AI products or platforms for NLP, speech, computer vision, or recommendation systems serving millions of users.
• Ability to move fast in an environment with ambiguity at times, and with competing priorities and deadlines.
• Experience at tech and product-driven companies/startups preferred.
• Ability to iterate rapidly with researchers and engineers to improve a product experience while building the foundational capabilities.
• Familiarity with deploying large neural network models in demanding production environments.
• Have experience with API security, observability, cloud access control and privacy best practices.

At this time, Capital One will not sponsor a new applicant for employment authorization for this position.

The minimum and maximum full-time annual salaries for this role are listed below, by location. Please note that this salary information is solely for candidates hired to perform work within one of these locations, and refers to the amount Capital One is willing to pay at the time of this posting. Salaries for part-time roles will be prorated based upon the agreed upon number of hours to be regularly worked.
New York City (Hybrid On-Site): $165,100 - $188,500 for Senior Machine Learning Engineer

San Francisco, California (Hybrid On-Site): $174,900 - $199,700 for Senior Machine Learning Engineer

Candidates hired to work in other locations will be subject to the pay range associated with that location, and the actual annualized salary amount offered to any candidate at the time of hire will be reflected solely in the candidate’s offer letter.
This role is also eligible to earn performance based incentive compensation, which may include cash bonus(es) and/or long term incentives (LTI). Incentives could be discretionary or non discretionary depending on the plan.

Capital One offers a comprehensive, competitive, and inclusive set of health, financial and other benefits that support your total well-being. Learn more at the Capital One Careers website. Eligibility varies based on full or part-time status, exempt or non-exempt status, and management level.

This role is expected to accept applications for a minimum of 5 business days.

No agencies please. Capital One is an equal opportunity employer committed to diversity and inclusion in the workplace. All qualified applicants will receive consideration for employment without regard to sex (including pregnancy, childbirth or related medical conditions), race, color, age, national origin, religion, disability, genetic information, marital status, sexual orientation, gender identity, gender reassignment, citizenship, immigration status, protected veteran status, or any other basis prohibited under applicable federal, state or local law. Capital One promotes a drug-free workplace. Capital One will consider for employment qualified applicants with a criminal history in a manner consistent with the requirements of applicable laws regarding criminal background inquiries, including, to the extent applicable, Article 23-A of the New York Correction Law; San Francisco, California Police Code Article 49, Sections 4901-4920; New York City’s Fair Chance Act; Philadelphia’s Fair Criminal Records Screening Act; and other applicable federal, state, and local laws and regulations regarding criminal background inquiries.

If you have visited our website in search of information on employment opportunities or to apply for a position, and you require an accommodation, please contact Capital One Recruiting at 1-800-304-9102 or via email at RecruitingAccommodation@capitalone.com. All information you provide will be kept confidential and will be used only to the extent required to provide needed reasonable accommodations.

For technical support or questions about Capital One's recruiting process, please send an email to Careers@capitalone.com

Capital One does not provide, endorse nor guarantee and is not liable for third-party products, services, educational tools or other information available through this site.

Capital One Financial is made up of several different entities. Please note that any position posted in Canada is for Capital One Canada, any position posted in the United Kingdom is for Capital One Europe and any position posted in the Philippines is for Capital One Philippines Service Corp. (COPSSC).",False,Nicasio,CA,38.06171,-122.69915,['health_insurance'],"{'no_experience_required': False, 'required_experience_in_months': 48, 'experience_mentioned': True, 'experience_preferred': True}",,"{'postgraduate_degree': False, 'professional_certification': False, 'high_school': False, 'associates_degree': False, 'bachelors_degree': False, 'degree_mentioned': True, 'degree_preferred': True, 'professional_certification_mentioned': False}",False,"{'Qualifications': ['Bachelor’s degree in Computer Science, Computer Engineering or a technical field', 'At least 4 years of experience designing and building and deploying ML application platforms', 'At least 4 years of experience programming with Python, Go, Scala, or Java', 'At least 1 year of experience building, scaling, and optimizing training or inferencing systems for deep neural networks'], 'Responsibilities': ['You will work as part of our Enterprise AI team and build systems that will enable our users to work with Large-Language Models (LLMs) and Foundation Models (FMs), using our public cloud infrastructure', 'You will work with a team of world-class AI engineers and researchers to design and implement key API products and services that enable real-time customer-facing applications', 'Architect, build and deploy well-managed core APIs and SDKs to access LLMs and our proprietary FMs including training, fine-tuning and prompting tasks, including orchestration SDKs', 'Design APIs for performance, real-time applications, scale, ease of use and governance automation', 'Develop application-specific interfaces that leverage LLMs and FMs to continue to enhance the associate and customer experience', 'Enable our users to build new GenAI capabilities', 'Develop tools and processes to monitor API access patterns and operational health', 'Design and implement AI safety and guardrails in the API layer working closely with researchers'], 'Benefits': ['Salaries for part-time roles will be prorated based upon the agreed upon number of hours to be regularly worked', 'New York City (Hybrid On-Site): $165,100 - $188,500 for Senior Machine Learning Engineer', 'Candidates hired to work in other locations will be subject to the pay range associated with that location, and the actual annualized salary amount offered to any candidate at the time of hire will be reflected solely in the candidate’s offer letter', 'This role is also eligible to earn performance based incentive compensation, which may include cash bonus(es) and/or long term incentives (LTI)', 'Incentives could be discretionary or non discretionary depending on the plan', 'Capital One offers a comprehensive, competitive, and inclusive set of health, financial and other benefits that support your total well-being']}","Nicasio, CA","Senior Engineer - Generative AI Product Engineer|Nicasio, CA|Capital One",,,,,0.0,False
